{
  "dryRun": false,
  "outputDir": "docs/bench/runs/judge-sensitivity-prod-honnoji-thinking-matrix-20260713T040900Z",
  "pendingJobs": 6699,
  "plannedJobs": 6720,
  "scenarioIds": [
    "honnoji-decision"
  ]
}
[judge-sensitivity] judge honnoji-decision__chosokabe__hosokawa_fujitaka__varied-a-l1__baseline-b-l3__judge-deepseek-v4-pro-thinking-explicitly-on__repeat-1
[judge-sensitivity] judge honnoji-decision__chosokabe__hosokawa_fujitaka__varied-a-l1__baseline-b-l3__judge-deepseek-v4-pro-thinking-explicitly-on__repeat-2
[judge-sensitivity] judge honnoji-decision__chosokabe__hosokawa_fujitaka__varied-a-l1__baseline-b-l3__judge-deepseek-v4-pro-thinking-explicitly-on__repeat-3
[judge-sensitivity] judge honnoji-decision__chosokabe__hosokawa_fujitaka__varied-a-l1__baseline-b-l3__judge-deepseek-v4-pro-thinking-explicitly-on__repeat-4
[judge-sensitivity] judge honnoji-decision__chosokabe__hosokawa_fujitaka__varied-a-l1__baseline-b-l3__judge-deepseek-v4-pro-thinking-explicitly-on__repeat-5
[judge-sensitivity] judge honnoji-decision__chosokabe__hosokawa_fujitaka__varied-a-l1__baseline-b-l3__judge-deepseek-v4-pro-thinking-explicitly-on__repeat-6
[judge-sensitivity] judge honnoji-decision__chosokabe__hosokawa_fujitaka__varied-a-l1__baseline-b-l3__judge-deepseek-v4-pro-thinking-explicitly-on__repeat-7
[judge-sensitivity] judge honnoji-decision__chosokabe__hosokawa_fujitaka__varied-a-l1__baseline-b-l3__judge-deepseek-v4-pro-thinking-explicitly-on__repeat-8
[judge-sensitivity] judge honnoji-decision__chosokabe__hosokawa_fujitaka__varied-a-l1__baseline-b-l3__judge-deepseek-v4-pro-thinking-explicitly-on__repeat-9
[judge-sensitivity] judge honnoji-decision__chosokabe__hosokawa_fujitaka__varied-a-l1__baseline-b-l3__judge-deepseek-v4-pro-thinking-explicitly-on__repeat-10
[judge-sensitivity] judge honnoji-decision__chosokabe__hosokawa_fujitaka__varied-a-l1__baseline-b-l3__judge-deepseek-v4-flash-thinking-explicitly-on__repeat-1
[judge-sensitivity] judge honnoji-decision__chosokabe__hosokawa_fujitaka__varied-a-l1__baseline-b-l3__judge-deepseek-v4-flash-thinking-explicitly-on__repeat-2
[judge-sensitivity] judge honnoji-decision__chosokabe__hosokawa_fujitaka__varied-a-l1__baseline-b-l3__judge-deepseek-v4-flash-thinking-explicitly-on__repeat-3
[judge-sensitivity] judge honnoji-decision__chosokabe__hosokawa_fujitaka__varied-a-l1__baseline-b-l3__judge-deepseek-v4-flash-thinking-explicitly-on__repeat-4
[judge-sensitivity] judge honnoji-decision__chosokabe__hosokawa_fujitaka__varied-a-l1__baseline-b-l3__judge-deepseek-v4-flash-thinking-explicitly-on__repeat-5
[judge-sensitivity] judge honnoji-decision__chosokabe__hosokawa_fujitaka__varied-a-l1__baseline-b-l3__judge-deepseek-v4-flash-thinking-explicitly-on__repeat-6
[judge-sensitivity] judge honnoji-decision__chosokabe__hosokawa_fujitaka__varied-a-l1__baseline-b-l3__judge-deepseek-v4-flash-thinking-explicitly-on__repeat-7
[judge-sensitivity] judge honnoji-decision__chosokabe__hosokawa_fujitaka__varied-a-l1__baseline-b-l3__judge-deepseek-v4-flash-thinking-explicitly-on__repeat-8
[judge-sensitivity] judge honnoji-decision__chosokabe__hosokawa_fujitaka__varied-a-l1__baseline-b-l3__judge-deepseek-v4-flash-thinking-explicitly-on__repeat-9
[judge-sensitivity] judge honnoji-decision__chosokabe__hosokawa_fujitaka__varied-a-l1__baseline-b-l3__judge-deepseek-v4-flash-thinking-explicitly-on__repeat-10
[judge-sensitivity] judge honnoji-decision__chosokabe__hosokawa_fujitaka__varied-a-l1__baseline-b-l3__judge-deepseek-v4-flash-thinking-explicitly-off__repeat-1
[judge-sensitivity] judge honnoji-decision__chosokabe__hosokawa_fujitaka__varied-a-l1__baseline-b-l3__judge-deepseek-v4-flash-thinking-explicitly-off__repeat-2
[judge-sensitivity] judge honnoji-decision__chosokabe__hosokawa_fujitaka__varied-a-l1__baseline-b-l3__judge-deepseek-v4-flash-thinking-explicitly-off__repeat-3
[judge-sensitivity] judge honnoji-decision__chosokabe__hosokawa_fujitaka__varied-a-l1__baseline-b-l3__judge-deepseek-v4-flash-thinking-explicitly-off__repeat-4
[judge-sensitivity] judge honnoji-decision__chosokabe__hosokawa_fujitaka__varied-a-l1__baseline-b-l3__judge-deepseek-v4-flash-thinking-explicitly-off__repeat-5
[judge-sensitivity] judge honnoji-decision__chosokabe__hosokawa_fujitaka__varied-a-l1__baseline-b-l3__judge-deepseek-v4-flash-thinking-explicitly-off__repeat-6
[judge-sensitivity] judge honnoji-decision__chosokabe__hosokawa_fujitaka__varied-a-l1__baseline-b-l3__judge-deepseek-v4-flash-thinking-explicitly-off__repeat-7
[judge-sensitivity] judge honnoji-decision__chosokabe__hosokawa_fujitaka__varied-a-l1__baseline-b-l3__judge-deepseek-v4-flash-thinking-explicitly-off__repeat-8
[judge-sensitivity] judge honnoji-decision__chosokabe__hosokawa_fujitaka__varied-a-l1__baseline-b-l3__judge-deepseek-v4-flash-thinking-explicitly-off__repeat-9
[judge-sensitivity] judge honnoji-decision__chosokabe__hosokawa_fujitaka__varied-a-l1__baseline-b-l3__judge-deepseek-v4-flash-thinking-explicitly-off__repeat-10
[judge-sensitivity] -> ok honnoji-decision__chosokabe__hosokawa_fujitaka__varied-a-l1__baseline-b-l3__judge-deepseek-v4-flash-thinking-explicitly-off__repeat-5 9231ms
[judge-sensitivity] judge honnoji-decision__chosokabe__hosokawa_fujitaka__varied-a-l1__baseline-b-l3__judge-deepseek-v3.2-thinking-explicitly-on__repeat-1
[judge-sensitivity] -> ok honnoji-decision__chosokabe__hosokawa_fujitaka__varied-a-l1__baseline-b-l3__judge-deepseek-v4-flash-thinking-explicitly-off__repeat-10 9857ms
[judge-sensitivity] judge honnoji-decision__chosokabe__hosokawa_fujitaka__varied-a-l1__baseline-b-l3__judge-deepseek-v3.2-thinking-explicitly-on__repeat-2
[judge-sensitivity] -> ok honnoji-decision__chosokabe__hosokawa_fujitaka__varied-a-l1__baseline-b-l3__judge-deepseek-v4-flash-thinking-explicitly-off__repeat-3 11100ms
[judge-sensitivity] judge honnoji-decision__chosokabe__hosokawa_fujitaka__varied-a-l1__baseline-b-l3__judge-deepseek-v3.2-thinking-explicitly-on__repeat-3
[judge-sensitivity] -> ok honnoji-decision__chosokabe__hosokawa_fujitaka__varied-a-l1__baseline-b-l3__judge-deepseek-v4-flash-thinking-explicitly-off__repeat-7 11950ms
[judge-sensitivity] judge honnoji-decision__chosokabe__hosokawa_fujitaka__varied-a-l1__baseline-b-l3__judge-deepseek-v3.2-thinking-explicitly-on__repeat-4
[judge-sensitivity] -> ok honnoji-decision__chosokabe__hosokawa_fujitaka__varied-a-l1__baseline-b-l3__judge-deepseek-v4-flash-thinking-explicitly-off__repeat-6 12863ms
[judge-sensitivity] judge honnoji-decision__chosokabe__hosokawa_fujitaka__varied-a-l1__baseline-b-l3__judge-deepseek-v3.2-thinking-explicitly-on__repeat-5
[judge-sensitivity] -> ok honnoji-decision__chosokabe__hosokawa_fujitaka__varied-a-l1__baseline-b-l3__judge-deepseek-v4-flash-thinking-explicitly-off__repeat-2 13739ms
[judge-sensitivity] judge honnoji-decision__chosokabe__hosokawa_fujitaka__varied-a-l1__baseline-b-l3__judge-deepseek-v3.2-thinking-explicitly-on__repeat-6
[judge-sensitivity] -> ok honnoji-decision__chosokabe__hosokawa_fujitaka__varied-a-l1__baseline-b-l3__judge-deepseek-v4-flash-thinking-explicitly-off__repeat-1 13945ms
[judge-sensitivity] judge honnoji-decision__chosokabe__hosokawa_fujitaka__varied-a-l1__baseline-b-l3__judge-deepseek-v3.2-thinking-explicitly-on__repeat-7
[judge-sensitivity] -> ok honnoji-decision__chosokabe__hosokawa_fujitaka__varied-a-l1__baseline-b-l3__judge-deepseek-v4-flash-thinking-explicitly-off__repeat-8 15518ms
[judge-sensitivity] judge honnoji-decision__chosokabe__hosokawa_fujitaka__varied-a-l1__baseline-b-l3__judge-deepseek-v3.2-thinking-explicitly-on__repeat-8
[judge-sensitivity] -> ok honnoji-decision__chosokabe__hosokawa_fujitaka__varied-a-l1__baseline-b-l3__judge-deepseek-v4-flash-thinking-explicitly-on__repeat-5 22960ms
[judge-sensitivity] judge honnoji-decision__chosokabe__hosokawa_fujitaka__varied-a-l1__baseline-b-l3__judge-deepseek-v3.2-thinking-explicitly-on__repeat-9
[judge-sensitivity] -> ok honnoji-decision__chosokabe__hosokawa_fujitaka__varied-a-l1__baseline-b-l3__judge-deepseek-v4-pro-thinking-explicitly-on__repeat-3 24185ms
[judge-sensitivity] judge honnoji-decision__chosokabe__hosokawa_fujitaka__varied-a-l1__baseline-b-l3__judge-deepseek-v3.2-thinking-explicitly-on__repeat-10
[judge-sensitivity] -> ok honnoji-decision__chosokabe__hosokawa_fujitaka__varied-a-l1__baseline-b-l3__judge-deepseek-v4-pro-thinking-explicitly-on__repeat-1 24997ms
[judge-sensitivity] judge honnoji-decision__chosokabe__hosokawa_fujitaka__varied-a-l1__baseline-b-l3__judge-deepseek-v3.2-thinking-explicitly-off__repeat-1
[judge-sensitivity] -> ok honnoji-decision__chosokabe__hosokawa_fujitaka__varied-a-l1__baseline-b-l3__judge-deepseek-v4-flash-thinking-explicitly-off__repeat-9 25765ms
[judge-sensitivity] judge honnoji-decision__chosokabe__hosokawa_fujitaka__varied-a-l1__baseline-b-l3__judge-deepseek-v3.2-thinking-explicitly-off__repeat-2
[judge-sensitivity] -> ok honnoji-decision__chosokabe__hosokawa_fujitaka__varied-a-l1__baseline-b-l3__judge-deepseek-v4-flash-thinking-explicitly-off__repeat-4 27335ms
[judge-sensitivity] judge honnoji-decision__chosokabe__hosokawa_fujitaka__varied-a-l1__baseline-b-l3__judge-deepseek-v3.2-thinking-explicitly-off__repeat-3
[judge-sensitivity] -> ok honnoji-decision__chosokabe__hosokawa_fujitaka__varied-a-l1__baseline-b-l3__judge-deepseek-v4-flash-thinking-explicitly-on__repeat-10 33135ms
[judge-sensitivity] judge honnoji-decision__chosokabe__hosokawa_fujitaka__varied-a-l1__baseline-b-l3__judge-deepseek-v3.2-thinking-explicitly-off__repeat-4
[judge-sensitivity] -> ok honnoji-decision__chosokabe__hosokawa_fujitaka__varied-a-l1__baseline-b-l3__judge-deepseek-v4-pro-thinking-explicitly-on__repeat-6 36907ms
[judge-sensitivity] judge honnoji-decision__chosokabe__hosokawa_fujitaka__varied-a-l1__baseline-b-l3__judge-deepseek-v3.2-thinking-explicitly-off__repeat-5
[judge-sensitivity] -> ok honnoji-decision__chosokabe__hosokawa_fujitaka__varied-a-l1__baseline-b-l3__judge-deepseek-v4-flash-thinking-explicitly-on__repeat-7 37582ms
[judge-sensitivity] judge honnoji-decision__chosokabe__hosokawa_fujitaka__varied-a-l1__baseline-b-l3__judge-deepseek-v3.2-thinking-explicitly-off__repeat-6
[judge-sensitivity] -> ok honnoji-decision__chosokabe__hosokawa_fujitaka__varied-a-l1__baseline-b-l3__judge-deepseek-v3.2-thinking-explicitly-on__repeat-7 24277ms
[judge-sensitivity] judge honnoji-decision__chosokabe__hosokawa_fujitaka__varied-a-l1__baseline-b-l3__judge-deepseek-v3.2-thinking-explicitly-off__repeat-7
[judge-sensitivity] -> ok honnoji-decision__chosokabe__hosokawa_fujitaka__varied-a-l1__baseline-b-l3__judge-deepseek-v3.2-thinking-explicitly-on__repeat-2 29021ms
[judge-sensitivity] judge honnoji-decision__chosokabe__hosokawa_fujitaka__varied-a-l1__baseline-b-l3__judge-deepseek-v3.2-thinking-explicitly-off__repeat-8
[judge-sensitivity] -> ok honnoji-decision__chosokabe__hosokawa_fujitaka__varied-a-l1__baseline-b-l3__judge-deepseek-v4-flash-thinking-explicitly-on__repeat-1 39221ms
[judge-sensitivity] judge honnoji-decision__chosokabe__hosokawa_fujitaka__varied-a-l1__baseline-b-l3__judge-deepseek-v3.2-thinking-explicitly-off__repeat-9
[judge-sensitivity] -> ok honnoji-decision__chosokabe__hosokawa_fujitaka__varied-a-l1__baseline-b-l3__judge-deepseek-v4-flash-thinking-explicitly-on__repeat-3 42344ms
[judge-sensitivity] judge honnoji-decision__chosokabe__hosokawa_fujitaka__varied-a-l1__baseline-b-l3__judge-deepseek-v3.2-thinking-explicitly-off__repeat-10
[judge-sensitivity] -> ok honnoji-decision__chosokabe__hosokawa_fujitaka__varied-a-l1__baseline-b-l3__judge-deepseek-v4-pro-thinking-explicitly-on__repeat-7 43012ms
[judge-sensitivity] judge honnoji-decision__chosokabe__hosokawa_fujitaka__varied-a-l1__baseline-b-l3__judge-deepseek-r1-thinking-explicitly-on__repeat-1
[judge-sensitivity] -> ok honnoji-decision__chosokabe__hosokawa_fujitaka__varied-a-l1__baseline-b-l3__judge-deepseek-v3.2-thinking-explicitly-off__repeat-1 20163ms
[judge-sensitivity] judge honnoji-decision__chosokabe__hosokawa_fujitaka__varied-a-l1__baseline-b-l3__judge-deepseek-r1-thinking-explicitly-on__repeat-2
[judge-sensitivity] -> ok honnoji-decision__chosokabe__hosokawa_fujitaka__varied-a-l1__baseline-b-l3__judge-deepseek-v4-flash-thinking-explicitly-on__repeat-9 45951ms
[judge-sensitivity] judge honnoji-decision__chosokabe__hosokawa_fujitaka__varied-a-l1__baseline-b-l3__judge-deepseek-r1-thinking-explicitly-on__repeat-3
[judge-sensitivity] -> ok honnoji-decision__chosokabe__hosokawa_fujitaka__varied-a-l1__baseline-b-l3__judge-deepseek-v3.2-thinking-explicitly-off__repeat-3 18743ms
[judge-sensitivity] judge honnoji-decision__chosokabe__hosokawa_fujitaka__varied-a-l1__baseline-b-l3__judge-deepseek-r1-thinking-explicitly-on__repeat-4
[judge-sensitivity] -> ok honnoji-decision__chosokabe__hosokawa_fujitaka__varied-a-l1__baseline-b-l3__judge-deepseek-v3.2-thinking-explicitly-on__repeat-5 34624ms
[judge-sensitivity] judge honnoji-decision__chosokabe__hosokawa_fujitaka__varied-a-l1__baseline-b-l3__judge-deepseek-r1-thinking-explicitly-on__repeat-5
[judge-sensitivity] -> ok honnoji-decision__chosokabe__hosokawa_fujitaka__varied-a-l1__baseline-b-l3__judge-deepseek-v3.2-thinking-explicitly-off__repeat-2 21720ms
[judge-sensitivity] judge honnoji-decision__chosokabe__hosokawa_fujitaka__varied-a-l1__baseline-b-l3__judge-deepseek-r1-thinking-explicitly-on__repeat-6
[judge-sensitivity] -> ok honnoji-decision__chosokabe__hosokawa_fujitaka__varied-a-l1__baseline-b-l3__judge-deepseek-v3.2-thinking-explicitly-off__repeat-4 15072ms
[judge-sensitivity] judge honnoji-decision__chosokabe__hosokawa_fujitaka__varied-a-l1__baseline-b-l3__judge-deepseek-r1-thinking-explicitly-on__repeat-7
[judge-sensitivity] -> ok honnoji-decision__chosokabe__hosokawa_fujitaka__varied-a-l1__baseline-b-l3__judge-deepseek-v3.2-thinking-explicitly-on__repeat-4 36453ms
[judge-sensitivity] judge honnoji-decision__chosokabe__hosokawa_fujitaka__varied-a-l1__baseline-b-l3__judge-deepseek-r1-thinking-explicitly-on__repeat-8
[judge-sensitivity] -> ok honnoji-decision__chosokabe__hosokawa_fujitaka__varied-a-l1__baseline-b-l3__judge-deepseek-v3.2-thinking-explicitly-on__repeat-9 25676ms
[judge-sensitivity] judge honnoji-decision__chosokabe__hosokawa_fujitaka__varied-a-l1__baseline-b-l3__judge-deepseek-r1-thinking-explicitly-on__repeat-9
[judge-sensitivity] -> ok honnoji-decision__chosokabe__hosokawa_fujitaka__varied-a-l1__baseline-b-l3__judge-deepseek-v4-pro-thinking-explicitly-on__repeat-4 49763ms
[judge-sensitivity] judge honnoji-decision__chosokabe__hosokawa_fujitaka__varied-a-l1__baseline-b-l3__judge-deepseek-r1-thinking-explicitly-on__repeat-10
[judge-sensitivity] -> ok honnoji-decision__chosokabe__hosokawa_fujitaka__varied-a-l1__baseline-b-l3__judge-deepseek-v4-pro-thinking-explicitly-on__repeat-10 51183ms
[judge-sensitivity] judge honnoji-decision__chosokabe__hosokawa_fujitaka__varied-a-l1__baseline-b-l3__judge-deepseek-r1-thinking-explicitly-off__repeat-1
[judge-sensitivity] -> ok honnoji-decision__chosokabe__hosokawa_fujitaka__varied-a-l1__baseline-b-l3__judge-deepseek-v3.2-thinking-explicitly-on__repeat-6 38691ms
[judge-sensitivity] judge honnoji-decision__chosokabe__hosokawa_fujitaka__varied-a-l1__baseline-b-l3__judge-deepseek-r1-thinking-explicitly-off__repeat-2
[judge-sensitivity] -> ok honnoji-decision__chosokabe__hosokawa_fujitaka__varied-a-l1__baseline-b-l3__judge-deepseek-v4-flash-thinking-explicitly-on__repeat-2 52468ms
[judge-sensitivity] judge honnoji-decision__chosokabe__hosokawa_fujitaka__varied-a-l1__baseline-b-l3__judge-deepseek-r1-thinking-explicitly-off__repeat-3
[judge-sensitivity] -> ok honnoji-decision__chosokabe__hosokawa_fujitaka__varied-a-l1__baseline-b-l3__judge-deepseek-v4-pro-thinking-explicitly-on__repeat-9 54075ms
[judge-sensitivity] judge honnoji-decision__chosokabe__hosokawa_fujitaka__varied-a-l1__baseline-b-l3__judge-deepseek-r1-thinking-explicitly-off__repeat-4
[judge-sensitivity] -> ok honnoji-decision__chosokabe__hosokawa_fujitaka__varied-a-l1__baseline-b-l3__judge-deepseek-v3.2-thinking-explicitly-off__repeat-7 17086ms
[judge-sensitivity] judge honnoji-decision__chosokabe__hosokawa_fujitaka__varied-a-l1__baseline-b-l3__judge-deepseek-r1-thinking-explicitly-off__repeat-5
[judge-sensitivity] -> ok honnoji-decision__chosokabe__hosokawa_fujitaka__varied-a-l1__baseline-b-l3__judge-deepseek-v3.2-thinking-explicitly-off__repeat-5 18444ms
[judge-sensitivity] judge honnoji-decision__chosokabe__hosokawa_fujitaka__varied-a-l1__baseline-b-l3__judge-deepseek-r1-thinking-explicitly-off__repeat-6
[judge-sensitivity] -> ok honnoji-decision__chosokabe__hosokawa_fujitaka__varied-a-l1__baseline-b-l3__judge-deepseek-v3.2-thinking-explicitly-off__repeat-9 20355ms
[judge-sensitivity] judge honnoji-decision__chosokabe__hosokawa_fujitaka__varied-a-l1__baseline-b-l3__judge-deepseek-r1-thinking-explicitly-off__repeat-7
[judge-sensitivity] -> ok honnoji-decision__chosokabe__hosokawa_fujitaka__varied-a-l1__baseline-b-l3__judge-deepseek-v4-flash-thinking-explicitly-on__repeat-4 59902ms
[judge-sensitivity] judge honnoji-decision__chosokabe__hosokawa_fujitaka__varied-a-l1__baseline-b-l3__judge-deepseek-r1-thinking-explicitly-off__repeat-8
[judge-sensitivity] -> ok honnoji-decision__chosokabe__hosokawa_fujitaka__varied-a-l1__baseline-b-l3__judge-deepseek-v3.2-thinking-explicitly-off__repeat-8 21669ms
[judge-sensitivity] judge honnoji-decision__chosokabe__hosokawa_fujitaka__varied-a-l1__baseline-b-l3__judge-deepseek-r1-thinking-explicitly-off__repeat-9
[judge-sensitivity] -> ok honnoji-decision__chosokabe__hosokawa_fujitaka__varied-a-l1__baseline-b-l3__judge-deepseek-r1-thinking-explicitly-off__repeat-1 10443ms
[judge-sensitivity] judge honnoji-decision__chosokabe__hosokawa_fujitaka__varied-a-l1__baseline-b-l3__judge-deepseek-r1-thinking-explicitly-off__repeat-10
[judge-sensitivity] -> ok honnoji-decision__chosokabe__hosokawa_fujitaka__varied-a-l1__baseline-b-l3__judge-deepseek-r1-thinking-explicitly-off__repeat-3 9846ms
[judge-sensitivity] judge honnoji-decision__chosokabe__hosokawa_fujitaka__varied-a-l1__baseline-b-l3__judge-kimi-k2.7-code-thinking-always-on__repeat-1
[judge-sensitivity] -> ok honnoji-decision__chosokabe__hosokawa_fujitaka__varied-a-l1__baseline-b-l3__judge-deepseek-v4-pro-thinking-explicitly-on__repeat-5 62645ms
[judge-sensitivity] judge honnoji-decision__chosokabe__hosokawa_fujitaka__varied-a-l1__baseline-b-l3__judge-kimi-k2.7-code-thinking-always-on__repeat-2
[judge-sensitivity] -> ok honnoji-decision__chosokabe__hosokawa_fujitaka__varied-a-l1__baseline-b-l3__judge-deepseek-v4-pro-thinking-explicitly-on__repeat-8 62736ms
[judge-sensitivity] judge honnoji-decision__chosokabe__hosokawa_fujitaka__varied-a-l1__baseline-b-l3__judge-kimi-k2.7-code-thinking-always-on__repeat-3
[judge-sensitivity] -> ok honnoji-decision__chosokabe__hosokawa_fujitaka__varied-a-l1__baseline-b-l3__judge-deepseek-v3.2-thinking-explicitly-off__repeat-6 25544ms
[judge-sensitivity] judge honnoji-decision__chosokabe__hosokawa_fujitaka__varied-a-l1__baseline-b-l3__judge-kimi-k2.7-code-thinking-always-on__repeat-4
[judge-sensitivity] -> ok honnoji-decision__chosokabe__hosokawa_fujitaka__varied-a-l1__baseline-b-l3__judge-deepseek-r1-thinking-explicitly-off__repeat-6 8570ms
[judge-sensitivity] judge honnoji-decision__chosokabe__hosokawa_fujitaka__varied-a-l1__baseline-b-l3__judge-kimi-k2.7-code-thinking-always-on__repeat-5
[judge-sensitivity] -> ok honnoji-decision__chosokabe__hosokawa_fujitaka__varied-a-l1__baseline-b-l3__judge-deepseek-v3.2-thinking-explicitly-on__repeat-10 40119ms
[judge-sensitivity] judge honnoji-decision__chosokabe__hosokawa_fujitaka__varied-a-l1__baseline-b-l3__judge-kimi-k2.7-code-thinking-always-on__repeat-6
[judge-sensitivity] -> ok honnoji-decision__chosokabe__hosokawa_fujitaka__varied-a-l1__baseline-b-l3__judge-deepseek-v3.2-thinking-explicitly-off__repeat-10 22189ms
[judge-sensitivity] judge honnoji-decision__chosokabe__hosokawa_fujitaka__varied-a-l1__baseline-b-l3__judge-kimi-k2.7-code-thinking-always-on__repeat-7
[judge-sensitivity] -> ok honnoji-decision__chosokabe__hosokawa_fujitaka__varied-a-l1__baseline-b-l3__judge-deepseek-r1-thinking-explicitly-off__repeat-5 9282ms
[judge-sensitivity] judge honnoji-decision__chosokabe__hosokawa_fujitaka__varied-a-l1__baseline-b-l3__judge-kimi-k2.7-code-thinking-always-on__repeat-8
[judge-sensitivity] -> ok honnoji-decision__chosokabe__hosokawa_fujitaka__varied-a-l1__baseline-b-l3__judge-deepseek-r1-thinking-explicitly-off__repeat-2 13092ms
[judge-sensitivity] judge honnoji-decision__chosokabe__hosokawa_fujitaka__varied-a-l1__baseline-b-l3__judge-kimi-k2.7-code-thinking-always-on__repeat-9
[judge-sensitivity] -> ok honnoji-decision__chosokabe__hosokawa_fujitaka__varied-a-l1__baseline-b-l3__judge-deepseek-r1-thinking-explicitly-off__repeat-4 12611ms
[judge-sensitivity] judge honnoji-decision__chosokabe__hosokawa_fujitaka__varied-a-l1__baseline-b-l3__judge-kimi-k2.7-code-thinking-always-on__repeat-10
[judge-sensitivity] -> ok honnoji-decision__chosokabe__hosokawa_fujitaka__varied-a-l1__baseline-b-l3__judge-deepseek-r1-thinking-explicitly-off__repeat-7 9710ms
[judge-sensitivity] judge honnoji-decision__chosokabe__hosokawa_fujitaka__varied-a-l1__baseline-b-l3__judge-kimi-k2.6-thinking-explicitly-on__repeat-1
[judge-sensitivity] -> ok honnoji-decision__chosokabe__hosokawa_fujitaka__varied-a-l1__baseline-b-l3__judge-deepseek-r1-thinking-explicitly-off__repeat-9 10027ms
[judge-sensitivity] judge honnoji-decision__chosokabe__hosokawa_fujitaka__varied-a-l1__baseline-b-l3__judge-kimi-k2.6-thinking-explicitly-on__repeat-2
[judge-sensitivity] -> ok honnoji-decision__chosokabe__hosokawa_fujitaka__varied-a-l1__baseline-b-l3__judge-deepseek-r1-thinking-explicitly-off__repeat-8 12070ms
[judge-sensitivity] judge honnoji-decision__chosokabe__hosokawa_fujitaka__varied-a-l1__baseline-b-l3__judge-kimi-k2.6-thinking-explicitly-on__repeat-3
[judge-sensitivity] -> ok honnoji-decision__chosokabe__hosokawa_fujitaka__varied-a-l1__baseline-b-l3__judge-deepseek-r1-thinking-explicitly-off__repeat-10 11572ms
[judge-sensitivity] judge honnoji-decision__chosokabe__hosokawa_fujitaka__varied-a-l1__baseline-b-l3__judge-kimi-k2.6-thinking-explicitly-on__repeat-4
[judge-sensitivity] -> ok honnoji-decision__chosokabe__hosokawa_fujitaka__varied-a-l1__baseline-b-l3__judge-deepseek-v3.2-thinking-explicitly-on__repeat-3 67454ms
[judge-sensitivity] judge honnoji-decision__chosokabe__hosokawa_fujitaka__varied-a-l1__baseline-b-l3__judge-kimi-k2.6-thinking-explicitly-on__repeat-5
[judge-sensitivity] -> ok honnoji-decision__chosokabe__hosokawa_fujitaka__varied-a-l1__baseline-b-l3__judge-deepseek-v4-flash-thinking-explicitly-on__repeat-8 86301ms
[judge-sensitivity] judge honnoji-decision__chosokabe__hosokawa_fujitaka__varied-a-l1__baseline-b-l3__judge-kimi-k2.6-thinking-explicitly-on__repeat-6
[judge-sensitivity] -> ok honnoji-decision__chosokabe__hosokawa_fujitaka__varied-a-l1__baseline-b-l3__judge-deepseek-v4-flash-thinking-explicitly-on__repeat-6 88741ms
[judge-sensitivity] judge honnoji-decision__chosokabe__hosokawa_fujitaka__varied-a-l1__baseline-b-l3__judge-kimi-k2.6-thinking-explicitly-on__repeat-7
[judge-sensitivity] -> ok honnoji-decision__chosokabe__hosokawa_fujitaka__varied-a-l1__baseline-b-l3__judge-deepseek-v3.2-thinking-explicitly-on__repeat-1 83683ms
[judge-sensitivity] judge honnoji-decision__chosokabe__hosokawa_fujitaka__varied-a-l1__baseline-b-l3__judge-kimi-k2.6-thinking-explicitly-on__repeat-8
[judge-sensitivity] -> ok honnoji-decision__chosokabe__hosokawa_fujitaka__varied-a-l1__baseline-b-l3__judge-deepseek-v4-pro-thinking-explicitly-on__repeat-2 99373ms
[judge-sensitivity] judge honnoji-decision__chosokabe__hosokawa_fujitaka__varied-a-l1__baseline-b-l3__judge-kimi-k2.6-thinking-explicitly-on__repeat-9
[judge-sensitivity] -> ok honnoji-decision__chosokabe__hosokawa_fujitaka__varied-a-l1__baseline-b-l3__judge-deepseek-v3.2-thinking-explicitly-on__repeat-8 85827ms
[judge-sensitivity] judge honnoji-decision__chosokabe__hosokawa_fujitaka__varied-a-l1__baseline-b-l3__judge-kimi-k2.6-thinking-explicitly-on__repeat-10
[judge-sensitivity] -> ok honnoji-decision__chosokabe__hosokawa_fujitaka__varied-a-l1__baseline-b-l3__judge-deepseek-r1-thinking-explicitly-on__repeat-10 56443ms
[judge-sensitivity] judge honnoji-decision__chosokabe__hosokawa_fujitaka__varied-a-l1__baseline-b-l3__judge-kimi-k2.6-thinking-explicitly-off__repeat-1
[judge-sensitivity] -> ok honnoji-decision__chosokabe__hosokawa_fujitaka__varied-a-l1__baseline-b-l3__judge-deepseek-r1-thinking-explicitly-on__repeat-4 61280ms
[judge-sensitivity] judge honnoji-decision__chosokabe__hosokawa_fujitaka__varied-a-l1__baseline-b-l3__judge-kimi-k2.6-thinking-explicitly-off__repeat-2
[judge-sensitivity] -> ok honnoji-decision__chosokabe__hosokawa_fujitaka__varied-a-l1__baseline-b-l3__judge-deepseek-r1-thinking-explicitly-on__repeat-1 64608ms
[judge-sensitivity] judge honnoji-decision__chosokabe__hosokawa_fujitaka__varied-a-l1__baseline-b-l3__judge-kimi-k2.6-thinking-explicitly-off__repeat-3
[judge-sensitivity] -> ok honnoji-decision__chosokabe__hosokawa_fujitaka__varied-a-l1__baseline-b-l3__judge-deepseek-r1-thinking-explicitly-on__repeat-9 59729ms
[judge-sensitivity] judge honnoji-decision__chosokabe__hosokawa_fujitaka__varied-a-l1__baseline-b-l3__judge-kimi-k2.6-thinking-explicitly-off__repeat-4
[judge-sensitivity] -> ok honnoji-decision__chosokabe__hosokawa_fujitaka__varied-a-l1__baseline-b-l3__judge-deepseek-r1-thinking-explicitly-on__repeat-5 61672ms
[judge-sensitivity] judge honnoji-decision__chosokabe__hosokawa_fujitaka__varied-a-l1__baseline-b-l3__judge-kimi-k2.6-thinking-explicitly-off__repeat-5
[judge-sensitivity] -> ok honnoji-decision__chosokabe__hosokawa_fujitaka__varied-a-l1__baseline-b-l3__judge-kimi-k2.7-code-thinking-always-on__repeat-7 46530ms
[judge-sensitivity] judge honnoji-decision__chosokabe__hosokawa_fujitaka__varied-a-l1__baseline-b-l3__judge-kimi-k2.6-thinking-explicitly-off__repeat-6
[judge-sensitivity] -> ok honnoji-decision__chosokabe__hosokawa_fujitaka__varied-a-l1__baseline-b-l3__judge-deepseek-r1-thinking-explicitly-on__repeat-7 63743ms
[judge-sensitivity] judge honnoji-decision__chosokabe__hosokawa_fujitaka__varied-a-l1__baseline-b-l3__judge-kimi-k2.6-thinking-explicitly-off__repeat-7
[judge-sensitivity] -> ok honnoji-decision__chosokabe__hosokawa_fujitaka__varied-a-l1__baseline-b-l3__judge-kimi-k2.7-code-thinking-always-on__repeat-2 52825ms
[judge-sensitivity] judge honnoji-decision__chosokabe__hosokawa_fujitaka__varied-a-l1__baseline-b-l3__judge-kimi-k2.6-thinking-explicitly-off__repeat-8
[judge-sensitivity] -> ok honnoji-decision__chosokabe__hosokawa_fujitaka__varied-a-l1__baseline-b-l3__judge-deepseek-r1-thinking-explicitly-on__repeat-6 68575ms
[judge-sensitivity] judge honnoji-decision__chosokabe__hosokawa_fujitaka__varied-a-l1__baseline-b-l3__judge-kimi-k2.6-thinking-explicitly-off__repeat-9
[judge-sensitivity] -> ok honnoji-decision__chosokabe__hosokawa_fujitaka__varied-a-l1__baseline-b-l3__judge-kimi-k2.7-code-thinking-always-on__repeat-6 52353ms
[judge-sensitivity] judge honnoji-decision__chosokabe__hosokawa_fujitaka__varied-a-l1__baseline-b-l3__judge-kimi-k2.6-thinking-explicitly-off__repeat-10
[judge-sensitivity] -> ok honnoji-decision__chosokabe__hosokawa_fujitaka__varied-a-l1__baseline-b-l3__judge-deepseek-r1-thinking-explicitly-on__repeat-2 71662ms
[judge-sensitivity] judge honnoji-decision__chosokabe__hosokawa_fujitaka__varied-a-l1__baseline-b-l3__judge-qwen3.6-35b-a3b-thinking-explicitly-on__repeat-1
[judge-sensitivity] -> ok honnoji-decision__chosokabe__hosokawa_fujitaka__varied-a-l1__baseline-b-l3__judge-kimi-k2.6-thinking-explicitly-off__repeat-7 5727ms
[judge-sensitivity] judge honnoji-decision__chosokabe__hosokawa_fujitaka__varied-a-l1__baseline-b-l3__judge-qwen3.6-35b-a3b-thinking-explicitly-on__repeat-2
[judge-sensitivity] -> ok honnoji-decision__chosokabe__hosokawa_fujitaka__varied-a-l1__baseline-b-l3__judge-kimi-k2.6-thinking-explicitly-off__repeat-1 13148ms
[judge-sensitivity] judge honnoji-decision__chosokabe__hosokawa_fujitaka__varied-a-l1__baseline-b-l3__judge-qwen3.6-35b-a3b-thinking-explicitly-on__repeat-3
[judge-sensitivity] -> ok honnoji-decision__chosokabe__hosokawa_fujitaka__varied-a-l1__baseline-b-l3__judge-deepseek-r1-thinking-explicitly-on__repeat-8 72151ms
[judge-sensitivity] judge honnoji-decision__chosokabe__hosokawa_fujitaka__varied-a-l1__baseline-b-l3__judge-qwen3.6-35b-a3b-thinking-explicitly-on__repeat-4
[judge-sensitivity] -> ok honnoji-decision__chosokabe__hosokawa_fujitaka__varied-a-l1__baseline-b-l3__judge-kimi-k2.7-code-thinking-always-on__repeat-3 60223ms
[judge-sensitivity] judge honnoji-decision__chosokabe__hosokawa_fujitaka__varied-a-l1__baseline-b-l3__judge-qwen3.6-35b-a3b-thinking-explicitly-on__repeat-5
[judge-sensitivity] -> ok honnoji-decision__chosokabe__hosokawa_fujitaka__varied-a-l1__baseline-b-l3__judge-kimi-k2.6-thinking-explicitly-off__repeat-5 14624ms
[judge-sensitivity] judge honnoji-decision__chosokabe__hosokawa_fujitaka__varied-a-l1__baseline-b-l3__judge-qwen3.6-35b-a3b-thinking-explicitly-on__repeat-6
[judge-sensitivity] -> ok honnoji-decision__chosokabe__hosokawa_fujitaka__varied-a-l1__baseline-b-l3__judge-kimi-k2.6-thinking-explicitly-off__repeat-2 17478ms
[judge-sensitivity] judge honnoji-decision__chosokabe__hosokawa_fujitaka__varied-a-l1__baseline-b-l3__judge-qwen3.6-35b-a3b-thinking-explicitly-on__repeat-7
[judge-sensitivity] -> ok honnoji-decision__chosokabe__hosokawa_fujitaka__varied-a-l1__baseline-b-l3__judge-deepseek-r1-thinking-explicitly-on__repeat-3 79822ms
[judge-sensitivity] judge honnoji-decision__chosokabe__hosokawa_fujitaka__varied-a-l1__baseline-b-l3__judge-qwen3.6-35b-a3b-thinking-explicitly-on__repeat-8
[judge-sensitivity] -> ok honnoji-decision__chosokabe__hosokawa_fujitaka__varied-a-l1__baseline-b-l3__judge-kimi-k2.6-thinking-explicitly-off__repeat-4 19078ms
[judge-sensitivity] judge honnoji-decision__chosokabe__hosokawa_fujitaka__varied-a-l1__baseline-b-l3__judge-qwen3.6-35b-a3b-thinking-explicitly-on__repeat-9
[judge-sensitivity] -> ok honnoji-decision__chosokabe__hosokawa_fujitaka__varied-a-l1__baseline-b-l3__judge-kimi-k2.6-thinking-explicitly-off__repeat-3 20872ms
[judge-sensitivity] judge honnoji-decision__chosokabe__hosokawa_fujitaka__varied-a-l1__baseline-b-l3__judge-qwen3.6-35b-a3b-thinking-explicitly-on__repeat-10
[judge-sensitivity] -> ok honnoji-decision__chosokabe__hosokawa_fujitaka__varied-a-l1__baseline-b-l3__judge-kimi-k2.6-thinking-explicitly-off__repeat-6 17848ms
[judge-sensitivity] judge honnoji-decision__chosokabe__hosokawa_fujitaka__varied-a-l1__baseline-b-l3__judge-qwen3.6-35b-a3b-thinking-explicitly-off__repeat-1
[judge-sensitivity] -> ok honnoji-decision__chosokabe__hosokawa_fujitaka__varied-a-l1__baseline-b-l3__judge-kimi-k2.6-thinking-explicitly-off__repeat-8 14513ms
[judge-sensitivity] judge honnoji-decision__chosokabe__hosokawa_fujitaka__varied-a-l1__baseline-b-l3__judge-qwen3.6-35b-a3b-thinking-explicitly-off__repeat-2
[judge-sensitivity] -> ok honnoji-decision__chosokabe__hosokawa_fujitaka__varied-a-l1__baseline-b-l3__judge-kimi-k2.6-thinking-explicitly-off__repeat-10 13455ms
[judge-sensitivity] judge honnoji-decision__chosokabe__hosokawa_fujitaka__varied-a-l1__baseline-b-l3__judge-qwen3.6-35b-a3b-thinking-explicitly-off__repeat-3
[judge-sensitivity] -> ok honnoji-decision__chosokabe__hosokawa_fujitaka__varied-a-l1__baseline-b-l3__judge-kimi-k2.6-thinking-explicitly-off__repeat-9 14716ms
[judge-sensitivity] judge honnoji-decision__chosokabe__hosokawa_fujitaka__varied-a-l1__baseline-b-l3__judge-qwen3.6-35b-a3b-thinking-explicitly-off__repeat-4
[judge-sensitivity] -> ok honnoji-decision__chosokabe__hosokawa_fujitaka__varied-a-l1__baseline-b-l3__judge-kimi-k2.7-code-thinking-always-on__repeat-9 66108ms
[judge-sensitivity] judge honnoji-decision__chosokabe__hosokawa_fujitaka__varied-a-l1__baseline-b-l3__judge-qwen3.6-35b-a3b-thinking-explicitly-off__repeat-5
[judge-sensitivity] -> ok honnoji-decision__chosokabe__hosokawa_fujitaka__varied-a-l1__baseline-b-l3__judge-kimi-k2.7-code-thinking-always-on__repeat-8 67849ms
[judge-sensitivity] judge honnoji-decision__chosokabe__hosokawa_fujitaka__varied-a-l1__baseline-b-l3__judge-qwen3.6-35b-a3b-thinking-explicitly-off__repeat-6
[judge-sensitivity] -> ok honnoji-decision__chosokabe__hosokawa_fujitaka__varied-a-l1__baseline-b-l3__judge-qwen3.6-35b-a3b-thinking-explicitly-off__repeat-3 6599ms
[judge-sensitivity] judge honnoji-decision__chosokabe__hosokawa_fujitaka__varied-a-l1__baseline-b-l3__judge-qwen3.6-35b-a3b-thinking-explicitly-off__repeat-7
[judge-sensitivity] -> ok honnoji-decision__chosokabe__hosokawa_fujitaka__varied-a-l1__baseline-b-l3__judge-kimi-k2.7-code-thinking-always-on__repeat-10 70587ms
[judge-sensitivity] judge honnoji-decision__chosokabe__hosokawa_fujitaka__varied-a-l1__baseline-b-l3__judge-qwen3.6-35b-a3b-thinking-explicitly-off__repeat-8
[judge-sensitivity] -> ok honnoji-decision__chosokabe__hosokawa_fujitaka__varied-a-l1__baseline-b-l3__judge-kimi-k2.7-code-thinking-always-on__repeat-5 74956ms
[judge-sensitivity] judge honnoji-decision__chosokabe__hosokawa_fujitaka__varied-a-l1__baseline-b-l3__judge-qwen3.6-35b-a3b-thinking-explicitly-off__repeat-9
[judge-sensitivity] -> ok honnoji-decision__chosokabe__hosokawa_fujitaka__varied-a-l1__baseline-b-l3__judge-kimi-k2.7-code-thinking-always-on__repeat-1 79291ms
[judge-sensitivity] judge honnoji-decision__chosokabe__hosokawa_fujitaka__varied-a-l1__baseline-b-l3__judge-qwen3.6-35b-a3b-thinking-explicitly-off__repeat-10
[judge-sensitivity] -> ok honnoji-decision__chosokabe__hosokawa_fujitaka__varied-a-l1__baseline-b-l3__judge-qwen3.6-35b-a3b-thinking-explicitly-off__repeat-6 9683ms
[judge-sensitivity] judge honnoji-decision__chosokabe__hosokawa_fujitaka__varied-a-l1__baseline-b-l3__judge-qwen3.6-27b-thinking-explicitly-on__repeat-1
[judge-sensitivity] -> ok honnoji-decision__chosokabe__hosokawa_fujitaka__varied-a-l1__baseline-b-l3__judge-qwen3.6-35b-a3b-thinking-explicitly-off__repeat-4 12358ms
[judge-sensitivity] judge honnoji-decision__chosokabe__hosokawa_fujitaka__varied-a-l1__baseline-b-l3__judge-qwen3.6-27b-thinking-explicitly-on__repeat-2
[judge-sensitivity] -> ok honnoji-decision__chosokabe__hosokawa_fujitaka__varied-a-l1__baseline-b-l3__judge-qwen3.6-35b-a3b-thinking-explicitly-off__repeat-7 7383ms
[judge-sensitivity] judge honnoji-decision__chosokabe__hosokawa_fujitaka__varied-a-l1__baseline-b-l3__judge-qwen3.6-27b-thinking-explicitly-on__repeat-3
[judge-sensitivity] -> ok honnoji-decision__chosokabe__hosokawa_fujitaka__varied-a-l1__baseline-b-l3__judge-qwen3.6-35b-a3b-thinking-explicitly-off__repeat-5 15285ms
[judge-sensitivity] judge honnoji-decision__chosokabe__hosokawa_fujitaka__varied-a-l1__baseline-b-l3__judge-qwen3.6-27b-thinking-explicitly-on__repeat-4
[judge-sensitivity] -> ok honnoji-decision__chosokabe__hosokawa_fujitaka__varied-a-l1__baseline-b-l3__judge-qwen3.6-35b-a3b-thinking-explicitly-off__repeat-9 9315ms
[judge-sensitivity] judge honnoji-decision__chosokabe__hosokawa_fujitaka__varied-a-l1__baseline-b-l3__judge-qwen3.6-27b-thinking-explicitly-on__repeat-5
[judge-sensitivity] -> ok honnoji-decision__chosokabe__hosokawa_fujitaka__varied-a-l1__baseline-b-l3__judge-qwen3.6-35b-a3b-thinking-explicitly-off__repeat-8 12543ms
[judge-sensitivity] judge honnoji-decision__chosokabe__hosokawa_fujitaka__varied-a-l1__baseline-b-l3__judge-qwen3.6-27b-thinking-explicitly-on__repeat-6
[judge-sensitivity] -> ok honnoji-decision__chosokabe__hosokawa_fujitaka__varied-a-l1__baseline-b-l3__judge-qwen3.6-35b-a3b-thinking-explicitly-off__repeat-10 10242ms
[judge-sensitivity] judge honnoji-decision__chosokabe__hosokawa_fujitaka__varied-a-l1__baseline-b-l3__judge-qwen3.6-27b-thinking-explicitly-on__repeat-7
[judge-sensitivity] -> ok honnoji-decision__chosokabe__hosokawa_fujitaka__varied-a-l1__baseline-b-l3__judge-kimi-k2.7-code-thinking-always-on__repeat-4 92867ms
[judge-sensitivity] judge honnoji-decision__chosokabe__hosokawa_fujitaka__varied-a-l1__baseline-b-l3__judge-qwen3.6-27b-thinking-explicitly-on__repeat-8
[judge-sensitivity] -> ok honnoji-decision__chosokabe__hosokawa_fujitaka__varied-a-l1__baseline-b-l3__judge-qwen3.6-35b-a3b-thinking-explicitly-on__repeat-1 56310ms
[judge-sensitivity] judge honnoji-decision__chosokabe__hosokawa_fujitaka__varied-a-l1__baseline-b-l3__judge-qwen3.6-27b-thinking-explicitly-on__repeat-9
[judge-sensitivity] -> ok honnoji-decision__chosokabe__hosokawa_fujitaka__varied-a-l1__baseline-b-l3__judge-kimi-k2.6-thinking-explicitly-on__repeat-6 91552ms
[judge-sensitivity] judge honnoji-decision__chosokabe__hosokawa_fujitaka__varied-a-l1__baseline-b-l3__judge-qwen3.6-27b-thinking-explicitly-on__repeat-10
[judge-sensitivity] -> ok honnoji-decision__chosokabe__hosokawa_fujitaka__varied-a-l1__baseline-b-l3__judge-kimi-k2.6-thinking-explicitly-on__repeat-3 108159ms
[judge-sensitivity] judge honnoji-decision__chosokabe__hosokawa_fujitaka__varied-a-l1__baseline-b-l3__judge-qwen3.6-27b-thinking-explicitly-off__repeat-1
[judge-sensitivity] -> ok honnoji-decision__chosokabe__hosokawa_fujitaka__varied-a-l1__baseline-b-l3__judge-qwen3.6-35b-a3b-thinking-explicitly-on__repeat-8 55555ms
[judge-sensitivity] judge honnoji-decision__chosokabe__hosokawa_fujitaka__varied-a-l1__baseline-b-l3__judge-qwen3.6-27b-thinking-explicitly-off__repeat-2
[judge-sensitivity] -> ok honnoji-decision__chosokabe__hosokawa_fujitaka__varied-a-l1__baseline-b-l3__judge-kimi-k2.6-thinking-explicitly-on__repeat-2 116842ms
[judge-sensitivity] judge honnoji-decision__chosokabe__hosokawa_fujitaka__varied-a-l1__baseline-b-l3__judge-qwen3.6-27b-thinking-explicitly-off__repeat-3
[judge-sensitivity] -> ok honnoji-decision__chosokabe__hosokawa_fujitaka__varied-a-l1__baseline-b-l3__judge-kimi-k2.6-thinking-explicitly-on__repeat-1 120127ms
[judge-sensitivity] judge honnoji-decision__chosokabe__hosokawa_fujitaka__varied-a-l1__baseline-b-l3__judge-qwen3.6-27b-thinking-explicitly-off__repeat-4
[judge-sensitivity] -> ok honnoji-decision__chosokabe__hosokawa_fujitaka__varied-a-l1__baseline-b-l3__judge-qwen3.6-27b-thinking-explicitly-off__repeat-2 9625ms
[judge-sensitivity] judge honnoji-decision__chosokabe__hosokawa_fujitaka__varied-a-l1__baseline-b-l3__judge-qwen3.6-27b-thinking-explicitly-off__repeat-5
[judge-sensitivity] -> ok honnoji-decision__chosokabe__hosokawa_fujitaka__varied-a-l1__baseline-b-l3__judge-qwen3.6-35b-a3b-thinking-explicitly-on__repeat-9 63530ms
[judge-sensitivity] judge honnoji-decision__chosokabe__hosokawa_fujitaka__varied-a-l1__baseline-b-l3__judge-qwen3.6-27b-thinking-explicitly-off__repeat-6
[judge-sensitivity] -> ok honnoji-decision__chosokabe__hosokawa_fujitaka__varied-a-l1__baseline-b-l3__judge-qwen3.6-35b-a3b-thinking-explicitly-on__repeat-7 66342ms
[judge-sensitivity] judge honnoji-decision__chosokabe__hosokawa_fujitaka__varied-a-l1__baseline-b-l3__judge-qwen3.6-27b-thinking-explicitly-off__repeat-7
[judge-sensitivity] -> ok honnoji-decision__chosokabe__hosokawa_fujitaka__varied-a-l1__baseline-b-l3__judge-qwen3.6-27b-thinking-explicitly-off__repeat-1 14908ms
[judge-sensitivity] judge honnoji-decision__chosokabe__hosokawa_fujitaka__varied-a-l1__baseline-b-l3__judge-qwen3.6-27b-thinking-explicitly-off__repeat-8
[judge-sensitivity] -> ok honnoji-decision__chosokabe__hosokawa_fujitaka__varied-a-l1__baseline-b-l3__judge-kimi-k2.6-thinking-explicitly-on__repeat-8 103600ms
[judge-sensitivity] judge honnoji-decision__chosokabe__hosokawa_fujitaka__varied-a-l1__baseline-b-l3__judge-qwen3.6-27b-thinking-explicitly-off__repeat-9
[judge-sensitivity] -> ok honnoji-decision__chosokabe__hosokawa_fujitaka__varied-a-l1__baseline-b-l3__judge-qwen3.6-27b-thinking-explicitly-off__repeat-3 9176ms
[judge-sensitivity] judge honnoji-decision__chosokabe__hosokawa_fujitaka__varied-a-l1__baseline-b-l3__judge-qwen3.6-27b-thinking-explicitly-off__repeat-10
[judge-sensitivity] -> ok honnoji-decision__chosokabe__hosokawa_fujitaka__varied-a-l1__baseline-b-l3__judge-qwen3.6-27b-thinking-explicitly-off__repeat-6 11457ms
[judge-sensitivity] judge honnoji-decision__chosokabe__hosokawa_fujitaka__varied-a-l1__baseline-b-l3__judge-qwen3.5-397b-thinking-explicitly-on__repeat-1
[judge-sensitivity] -> ok honnoji-decision__chosokabe__hosokawa_fujitaka__varied-a-l1__baseline-b-l3__judge-qwen3.6-27b-thinking-explicitly-off__repeat-4 13844ms
[judge-sensitivity] judge honnoji-decision__chosokabe__hosokawa_fujitaka__varied-a-l1__baseline-b-l3__judge-qwen3.5-397b-thinking-explicitly-on__repeat-2
[judge-sensitivity] -> ok honnoji-decision__chosokabe__hosokawa_fujitaka__varied-a-l1__baseline-b-l3__judge-qwen3.6-35b-a3b-thinking-explicitly-on__repeat-10 74927ms
[judge-sensitivity] judge honnoji-decision__chosokabe__hosokawa_fujitaka__varied-a-l1__baseline-b-l3__judge-qwen3.5-397b-thinking-explicitly-on__repeat-3
[judge-sensitivity] -> ok honnoji-decision__chosokabe__hosokawa_fujitaka__varied-a-l1__baseline-b-l3__judge-qwen3.6-27b-thinking-explicitly-off__repeat-5 12478ms
[judge-sensitivity] judge honnoji-decision__chosokabe__hosokawa_fujitaka__varied-a-l1__baseline-b-l3__judge-qwen3.5-397b-thinking-explicitly-on__repeat-4
[judge-sensitivity] -> ok honnoji-decision__chosokabe__hosokawa_fujitaka__varied-a-l1__baseline-b-l3__judge-qwen3.6-27b-thinking-explicitly-off__repeat-7 12941ms
[judge-sensitivity] judge honnoji-decision__chosokabe__hosokawa_fujitaka__varied-a-l1__baseline-b-l3__judge-qwen3.5-397b-thinking-explicitly-on__repeat-5
[judge-sensitivity] -> ok honnoji-decision__chosokabe__hosokawa_fujitaka__varied-a-l1__baseline-b-l3__judge-kimi-k2.6-thinking-explicitly-on__repeat-5 126927ms
[judge-sensitivity] judge honnoji-decision__chosokabe__hosokawa_fujitaka__varied-a-l1__baseline-b-l3__judge-qwen3.5-397b-thinking-explicitly-on__repeat-6
[judge-sensitivity] -> ok honnoji-decision__chosokabe__hosokawa_fujitaka__varied-a-l1__baseline-b-l3__judge-qwen3.6-27b-thinking-explicitly-off__repeat-8 10528ms
[judge-sensitivity] judge honnoji-decision__chosokabe__hosokawa_fujitaka__varied-a-l1__baseline-b-l3__judge-qwen3.5-397b-thinking-explicitly-on__repeat-7
[judge-sensitivity] -> ok honnoji-decision__chosokabe__hosokawa_fujitaka__varied-a-l1__baseline-b-l3__judge-kimi-k2.6-thinking-explicitly-on__repeat-10 110195ms
[judge-sensitivity] judge honnoji-decision__chosokabe__hosokawa_fujitaka__varied-a-l1__baseline-b-l3__judge-qwen3.5-397b-thinking-explicitly-on__repeat-8
[judge-sensitivity] -> ok honnoji-decision__chosokabe__hosokawa_fujitaka__varied-a-l1__baseline-b-l3__judge-qwen3.6-27b-thinking-explicitly-off__repeat-10 19438ms
[judge-sensitivity] judge honnoji-decision__chosokabe__hosokawa_fujitaka__varied-a-l1__baseline-b-l3__judge-qwen3.5-397b-thinking-explicitly-on__repeat-9
[judge-sensitivity] -> ok honnoji-decision__chosokabe__hosokawa_fujitaka__varied-a-l1__baseline-b-l3__judge-qwen3.6-27b-thinking-explicitly-off__repeat-9 21192ms
[judge-sensitivity] judge honnoji-decision__chosokabe__hosokawa_fujitaka__varied-a-l1__baseline-b-l3__judge-qwen3.5-397b-thinking-explicitly-on__repeat-10
[judge-sensitivity] -> ok honnoji-decision__chosokabe__hosokawa_fujitaka__varied-a-l1__baseline-b-l3__judge-kimi-k2.6-thinking-explicitly-on__repeat-4 147824ms
[judge-sensitivity] judge honnoji-decision__chosokabe__hosokawa_fujitaka__varied-a-l1__baseline-b-l3__judge-qwen3.5-397b-thinking-explicitly-off__repeat-1
[judge-sensitivity] -> ok honnoji-decision__chosokabe__hosokawa_fujitaka__varied-a-l1__baseline-b-l3__judge-qwen3.6-35b-a3b-thinking-explicitly-on__repeat-2 105752ms
[judge-sensitivity] judge honnoji-decision__chosokabe__hosokawa_fujitaka__varied-a-l1__baseline-b-l3__judge-qwen3.5-397b-thinking-explicitly-off__repeat-2
[judge-sensitivity] -> ok honnoji-decision__chosokabe__hosokawa_fujitaka__varied-a-l1__baseline-b-l3__judge-kimi-k2.6-thinking-explicitly-on__repeat-7 137831ms
[judge-sensitivity] judge honnoji-decision__chosokabe__hosokawa_fujitaka__varied-a-l1__baseline-b-l3__judge-qwen3.5-397b-thinking-explicitly-off__repeat-3
[judge-sensitivity] -> ok honnoji-decision__chosokabe__hosokawa_fujitaka__varied-a-l1__baseline-b-l3__judge-qwen3.5-397b-thinking-explicitly-off__repeat-2 5237ms
[judge-sensitivity] judge honnoji-decision__chosokabe__hosokawa_fujitaka__varied-a-l1__baseline-b-l3__judge-qwen3.5-397b-thinking-explicitly-off__repeat-4
[judge-sensitivity] -> ok honnoji-decision__chosokabe__hosokawa_fujitaka__varied-a-l1__baseline-b-l3__judge-qwen3.5-397b-thinking-explicitly-off__repeat-1 8174ms
[judge-sensitivity] judge honnoji-decision__chosokabe__hosokawa_fujitaka__varied-a-l1__baseline-b-l3__judge-qwen3.5-397b-thinking-explicitly-off__repeat-5
[judge-sensitivity] -> ok honnoji-decision__chosokabe__hosokawa_fujitaka__varied-a-l1__baseline-b-l3__judge-qwen3.5-397b-thinking-explicitly-off__repeat-3 5401ms
[judge-sensitivity] judge honnoji-decision__chosokabe__hosokawa_fujitaka__varied-a-l1__baseline-b-l3__judge-qwen3.5-397b-thinking-explicitly-off__repeat-6
[judge-sensitivity] -> ok honnoji-decision__chosokabe__hosokawa_fujitaka__varied-a-l1__baseline-b-l3__judge-qwen3.6-35b-a3b-thinking-explicitly-on__repeat-3 113999ms
[judge-sensitivity] judge honnoji-decision__chosokabe__hosokawa_fujitaka__varied-a-l1__baseline-b-l3__judge-qwen3.5-397b-thinking-explicitly-off__repeat-7
[judge-sensitivity] -> ok honnoji-decision__chosokabe__hosokawa_fujitaka__varied-a-l1__baseline-b-l3__judge-qwen3.6-35b-a3b-thinking-explicitly-on__repeat-4 114549ms
[judge-sensitivity] judge honnoji-decision__chosokabe__hosokawa_fujitaka__varied-a-l1__baseline-b-l3__judge-qwen3.5-397b-thinking-explicitly-off__repeat-8
[judge-sensitivity] -> ok honnoji-decision__chosokabe__hosokawa_fujitaka__varied-a-l1__baseline-b-l3__judge-kimi-k2.6-thinking-explicitly-on__repeat-9 136175ms
[judge-sensitivity] judge honnoji-decision__chosokabe__hosokawa_fujitaka__varied-a-l1__baseline-b-l3__judge-qwen3.5-397b-thinking-explicitly-off__repeat-9
[judge-sensitivity] -> ok honnoji-decision__chosokabe__hosokawa_fujitaka__varied-a-l1__baseline-b-l3__judge-qwen3.5-397b-thinking-explicitly-off__repeat-5 6465ms
[judge-sensitivity] judge honnoji-decision__chosokabe__hosokawa_fujitaka__varied-a-l1__baseline-b-l3__judge-qwen3.5-397b-thinking-explicitly-off__repeat-10
[judge-sensitivity] -> ok honnoji-decision__chosokabe__hosokawa_fujitaka__varied-a-l1__baseline-b-l3__judge-qwen3.5-397b-thinking-explicitly-off__repeat-4 7615ms
[judge-sensitivity] judge honnoji-decision__chosokabe__hosokawa_fujitaka__varied-a-l1__baseline-b-l3__judge-glm-5.2-thinking-explicitly-on__repeat-1
[judge-sensitivity] -> ok honnoji-decision__chosokabe__hosokawa_fujitaka__varied-a-l1__baseline-b-l3__judge-qwen3.5-397b-thinking-explicitly-off__repeat-7 6680ms
[judge-sensitivity] judge honnoji-decision__chosokabe__hosokawa_fujitaka__varied-a-l1__baseline-b-l3__judge-glm-5.2-thinking-explicitly-on__repeat-2
[judge-sensitivity] -> ok honnoji-decision__chosokabe__hosokawa_fujitaka__varied-a-l1__baseline-b-l3__judge-qwen3.5-397b-thinking-explicitly-off__repeat-6 8062ms
[judge-sensitivity] judge honnoji-decision__chosokabe__hosokawa_fujitaka__varied-a-l1__baseline-b-l3__judge-glm-5.2-thinking-explicitly-on__repeat-3
[judge-sensitivity] -> ok honnoji-decision__chosokabe__hosokawa_fujitaka__varied-a-l1__baseline-b-l3__judge-qwen3.5-397b-thinking-explicitly-off__repeat-8 5583ms
[judge-sensitivity] judge honnoji-decision__chosokabe__hosokawa_fujitaka__varied-a-l1__baseline-b-l3__judge-glm-5.2-thinking-explicitly-on__repeat-4
[judge-sensitivity] -> ok honnoji-decision__chosokabe__hosokawa_fujitaka__varied-a-l1__baseline-b-l3__judge-qwen3.5-397b-thinking-explicitly-off__repeat-10 6755ms
[judge-sensitivity] judge honnoji-decision__chosokabe__hosokawa_fujitaka__varied-a-l1__baseline-b-l3__judge-glm-5.2-thinking-explicitly-on__repeat-5
[judge-sensitivity] -> ok honnoji-decision__chosokabe__hosokawa_fujitaka__varied-a-l1__baseline-b-l3__judge-qwen3.5-397b-thinking-explicitly-off__repeat-9 7165ms
[judge-sensitivity] judge honnoji-decision__chosokabe__hosokawa_fujitaka__varied-a-l1__baseline-b-l3__judge-glm-5.2-thinking-explicitly-on__repeat-6
[judge-sensitivity] -> ok honnoji-decision__chosokabe__hosokawa_fujitaka__varied-a-l1__baseline-b-l3__judge-qwen3.6-27b-thinking-explicitly-on__repeat-3 100627ms
[judge-sensitivity] judge honnoji-decision__chosokabe__hosokawa_fujitaka__varied-a-l1__baseline-b-l3__judge-glm-5.2-thinking-explicitly-on__repeat-7
[judge-sensitivity] -> ok honnoji-decision__chosokabe__hosokawa_fujitaka__varied-a-l1__baseline-b-l3__judge-qwen3.6-27b-thinking-explicitly-on__repeat-2 102364ms
[judge-sensitivity] judge honnoji-decision__chosokabe__hosokawa_fujitaka__varied-a-l1__baseline-b-l3__judge-glm-5.2-thinking-explicitly-on__repeat-8
[judge-sensitivity] -> ok honnoji-decision__chosokabe__hosokawa_fujitaka__varied-a-l1__baseline-b-l3__judge-qwen3.5-397b-thinking-explicitly-on__repeat-5 51040ms
[judge-sensitivity] judge honnoji-decision__chosokabe__hosokawa_fujitaka__varied-a-l1__baseline-b-l3__judge-glm-5.2-thinking-explicitly-on__repeat-9
[judge-sensitivity] -> ok honnoji-decision__chosokabe__hosokawa_fujitaka__varied-a-l1__baseline-b-l3__judge-qwen3.6-27b-thinking-explicitly-on__repeat-1 116267ms
[judge-sensitivity] judge honnoji-decision__chosokabe__hosokawa_fujitaka__varied-a-l1__baseline-b-l3__judge-glm-5.2-thinking-explicitly-on__repeat-10
[judge-sensitivity] -> ok honnoji-decision__chosokabe__hosokawa_fujitaka__varied-a-l1__baseline-b-l3__judge-qwen3.6-35b-a3b-thinking-explicitly-on__repeat-5 135467ms
[judge-sensitivity] judge honnoji-decision__chosokabe__hosokawa_fujitaka__varied-a-l1__baseline-b-l3__judge-glm-5.2-thinking-explicitly-off__repeat-1
[judge-sensitivity] -> ok honnoji-decision__chosokabe__hosokawa_fujitaka__varied-a-l1__baseline-b-l3__judge-qwen3.5-397b-thinking-explicitly-on__repeat-7 53219ms
[judge-sensitivity] judge honnoji-decision__chosokabe__hosokawa_fujitaka__varied-a-l1__baseline-b-l3__judge-glm-5.2-thinking-explicitly-off__repeat-2
[judge-sensitivity] -> ok honnoji-decision__chosokabe__hosokawa_fujitaka__varied-a-l1__baseline-b-l3__judge-qwen3.5-397b-thinking-explicitly-on__repeat-6 54373ms
[judge-sensitivity] judge honnoji-decision__chosokabe__hosokawa_fujitaka__varied-a-l1__baseline-b-l3__judge-glm-5.2-thinking-explicitly-off__repeat-3
[judge-sensitivity] -> ok honnoji-decision__chosokabe__hosokawa_fujitaka__varied-a-l1__baseline-b-l3__judge-qwen3.5-397b-thinking-explicitly-on__repeat-2 57035ms
[judge-sensitivity] judge honnoji-decision__chosokabe__hosokawa_fujitaka__varied-a-l1__baseline-b-l3__judge-glm-5.2-thinking-explicitly-off__repeat-4
[judge-sensitivity] -> ok honnoji-decision__chosokabe__hosokawa_fujitaka__varied-a-l1__baseline-b-l3__judge-qwen3.5-397b-thinking-explicitly-on__repeat-8 51558ms
[judge-sensitivity] judge honnoji-decision__chosokabe__hosokawa_fujitaka__varied-a-l1__baseline-b-l3__judge-glm-5.2-thinking-explicitly-off__repeat-5
[judge-sensitivity] -> ok honnoji-decision__chosokabe__hosokawa_fujitaka__varied-a-l1__baseline-b-l3__judge-qwen3.6-35b-a3b-thinking-explicitly-on__repeat-6 143206ms
[judge-sensitivity] judge honnoji-decision__chosokabe__hosokawa_fujitaka__varied-a-l1__baseline-b-l3__judge-glm-5.2-thinking-explicitly-off__repeat-6
[judge-sensitivity] -> ok honnoji-decision__chosokabe__hosokawa_fujitaka__varied-a-l1__baseline-b-l3__judge-qwen3.5-397b-thinking-explicitly-on__repeat-10 49348ms
[judge-sensitivity] judge honnoji-decision__chosokabe__hosokawa_fujitaka__varied-a-l1__baseline-b-l3__judge-glm-5.2-thinking-explicitly-off__repeat-7
[judge-sensitivity] -> ok honnoji-decision__chosokabe__hosokawa_fujitaka__varied-a-l1__baseline-b-l3__judge-qwen3.5-397b-thinking-explicitly-on__repeat-3 63688ms
[judge-sensitivity] judge honnoji-decision__chosokabe__hosokawa_fujitaka__varied-a-l1__baseline-b-l3__judge-glm-5.2-thinking-explicitly-off__repeat-8
[judge-sensitivity] -> ok honnoji-decision__chosokabe__hosokawa_fujitaka__varied-a-l1__baseline-b-l3__judge-qwen3.6-27b-thinking-explicitly-on__repeat-8 113061ms
[judge-sensitivity] judge honnoji-decision__chosokabe__hosokawa_fujitaka__varied-a-l1__baseline-b-l3__judge-glm-5.2-thinking-explicitly-off__repeat-9
[judge-sensitivity] -> ok honnoji-decision__chosokabe__hosokawa_fujitaka__varied-a-l1__baseline-b-l3__judge-glm-5.2-thinking-explicitly-off__repeat-1 12510ms
[judge-sensitivity] judge honnoji-decision__chosokabe__hosokawa_fujitaka__varied-a-l1__baseline-b-l3__judge-glm-5.2-thinking-explicitly-off__repeat-10
[judge-sensitivity] -> ok honnoji-decision__chosokabe__hosokawa_fujitaka__varied-a-l1__baseline-b-l3__judge-glm-5.2-thinking-explicitly-off__repeat-2 12511ms
[judge-sensitivity] judge honnoji-decision__chosokabe__hosokawa_fujitaka__varied-a-l1__baseline-b-l3__judge-glm-5.1-thinking-explicitly-on__repeat-1
[judge-sensitivity] -> ok honnoji-decision__chosokabe__hosokawa_fujitaka__varied-a-l1__baseline-b-l3__judge-qwen3.6-27b-thinking-explicitly-on__repeat-6 123467ms
[judge-sensitivity] judge honnoji-decision__chosokabe__hosokawa_fujitaka__varied-a-l1__baseline-b-l3__judge-glm-5.1-thinking-explicitly-on__repeat-2
[judge-sensitivity] -> ok honnoji-decision__chosokabe__hosokawa_fujitaka__varied-a-l1__baseline-b-l3__judge-qwen3.5-397b-thinking-explicitly-on__repeat-9 58382ms
[judge-sensitivity] judge honnoji-decision__chosokabe__hosokawa_fujitaka__varied-a-l1__baseline-b-l3__judge-glm-5.1-thinking-explicitly-on__repeat-3
[judge-sensitivity] -> ok honnoji-decision__chosokabe__hosokawa_fujitaka__varied-a-l1__baseline-b-l3__judge-glm-5.2-thinking-explicitly-off__repeat-3 15139ms
[judge-sensitivity] judge honnoji-decision__chosokabe__hosokawa_fujitaka__varied-a-l1__baseline-b-l3__judge-glm-5.1-thinking-explicitly-on__repeat-4
[judge-sensitivity] -> ok honnoji-decision__chosokabe__hosokawa_fujitaka__varied-a-l1__baseline-b-l3__judge-qwen3.5-397b-thinking-explicitly-on__repeat-1 72928ms
[judge-sensitivity] judge honnoji-decision__chosokabe__hosokawa_fujitaka__varied-a-l1__baseline-b-l3__judge-glm-5.1-thinking-explicitly-on__repeat-5
[judge-sensitivity] -> ok honnoji-decision__chosokabe__hosokawa_fujitaka__varied-a-l1__baseline-b-l3__judge-glm-5.2-thinking-explicitly-off__repeat-4 17849ms
[judge-sensitivity] judge honnoji-decision__chosokabe__hosokawa_fujitaka__varied-a-l1__baseline-b-l3__judge-glm-5.1-thinking-explicitly-on__repeat-6
[judge-sensitivity] -> ok honnoji-decision__chosokabe__hosokawa_fujitaka__varied-a-l1__baseline-b-l3__judge-glm-5.2-thinking-explicitly-off__repeat-5 15174ms
[judge-sensitivity] judge honnoji-decision__chosokabe__hosokawa_fujitaka__varied-a-l1__baseline-b-l3__judge-glm-5.1-thinking-explicitly-on__repeat-7
[judge-sensitivity] -> ok honnoji-decision__chosokabe__hosokawa_fujitaka__varied-a-l1__baseline-b-l3__judge-qwen3.6-27b-thinking-explicitly-on__repeat-5 130960ms
[judge-sensitivity] judge honnoji-decision__chosokabe__hosokawa_fujitaka__varied-a-l1__baseline-b-l3__judge-glm-5.1-thinking-explicitly-on__repeat-8
[judge-sensitivity] -> ok honnoji-decision__chosokabe__hosokawa_fujitaka__varied-a-l1__baseline-b-l3__judge-glm-5.2-thinking-explicitly-off__repeat-8 12660ms
[judge-sensitivity] judge honnoji-decision__chosokabe__hosokawa_fujitaka__varied-a-l1__baseline-b-l3__judge-glm-5.1-thinking-explicitly-on__repeat-9
[judge-sensitivity] -> ok honnoji-decision__chosokabe__hosokawa_fujitaka__varied-a-l1__baseline-b-l3__judge-qwen3.5-397b-thinking-explicitly-on__repeat-4 77769ms
[judge-sensitivity] judge honnoji-decision__chosokabe__hosokawa_fujitaka__varied-a-l1__baseline-b-l3__judge-glm-5.1-thinking-explicitly-on__repeat-10
[judge-sensitivity] -> ok honnoji-decision__chosokabe__hosokawa_fujitaka__varied-a-l1__baseline-b-l3__judge-qwen3.6-27b-thinking-explicitly-on__repeat-4 134299ms
[judge-sensitivity] judge honnoji-decision__chosokabe__hosokawa_fujitaka__varied-a-l1__baseline-b-l3__judge-glm-5.1-thinking-explicitly-off__repeat-1
[judge-sensitivity] -> ok honnoji-decision__chosokabe__hosokawa_fujitaka__varied-a-l1__baseline-b-l3__judge-glm-5.2-thinking-explicitly-off__repeat-7 16380ms
[judge-sensitivity] judge honnoji-decision__chosokabe__hosokawa_fujitaka__varied-a-l1__baseline-b-l3__judge-glm-5.1-thinking-explicitly-off__repeat-2
[judge-sensitivity] -> ok honnoji-decision__chosokabe__hosokawa_fujitaka__varied-a-l1__baseline-b-l3__judge-qwen3.6-27b-thinking-explicitly-on__repeat-9 111172ms
[judge-sensitivity] judge honnoji-decision__chosokabe__hosokawa_fujitaka__varied-a-l1__baseline-b-l3__judge-glm-5.1-thinking-explicitly-off__repeat-3
[judge-sensitivity] -> ok honnoji-decision__chosokabe__hosokawa_fujitaka__varied-a-l1__baseline-b-l3__judge-glm-5.2-thinking-explicitly-off__repeat-9 15254ms
[judge-sensitivity] judge honnoji-decision__chosokabe__hosokawa_fujitaka__varied-a-l1__baseline-b-l3__judge-glm-5.1-thinking-explicitly-off__repeat-4
[judge-sensitivity] -> ok honnoji-decision__chosokabe__hosokawa_fujitaka__varied-a-l1__baseline-b-l3__judge-glm-5.2-thinking-explicitly-off__repeat-6 18333ms
[judge-sensitivity] judge honnoji-decision__chosokabe__hosokawa_fujitaka__varied-a-l1__baseline-b-l3__judge-glm-5.1-thinking-explicitly-off__repeat-5
[judge-sensitivity] -> ok honnoji-decision__chosokabe__hosokawa_fujitaka__varied-a-l1__baseline-b-l3__judge-glm-5.2-thinking-explicitly-off__repeat-10 22564ms
[judge-sensitivity] judge honnoji-decision__chosokabe__hosokawa_fujitaka__varied-a-l1__baseline-b-l3__judge-glm-5.1-thinking-explicitly-off__repeat-6
[judge-sensitivity] -> ok honnoji-decision__chosokabe__hosokawa_fujitaka__varied-a-l1__baseline-b-l3__judge-glm-5.1-thinking-explicitly-off__repeat-1 13530ms
[judge-sensitivity] judge honnoji-decision__chosokabe__hosokawa_fujitaka__varied-a-l1__baseline-b-l3__judge-glm-5.1-thinking-explicitly-off__repeat-7
[judge-sensitivity] -> ok honnoji-decision__chosokabe__hosokawa_fujitaka__varied-a-l1__baseline-b-l3__judge-glm-5.1-thinking-explicitly-off__repeat-2 13466ms
[judge-sensitivity] judge honnoji-decision__chosokabe__hosokawa_fujitaka__varied-a-l1__baseline-b-l3__judge-glm-5.1-thinking-explicitly-off__repeat-8
[judge-sensitivity] -> ok honnoji-decision__chosokabe__hosokawa_fujitaka__varied-a-l1__baseline-b-l3__judge-glm-5.1-thinking-explicitly-off__repeat-3 12899ms
[judge-sensitivity] judge honnoji-decision__chosokabe__hosokawa_fujitaka__varied-a-l1__baseline-b-l3__judge-glm-5.1-thinking-explicitly-off__repeat-9
[judge-sensitivity] -> ok honnoji-decision__chosokabe__hosokawa_fujitaka__varied-a-l1__baseline-b-l3__judge-glm-5.1-thinking-explicitly-off__repeat-4 15024ms
[judge-sensitivity] judge honnoji-decision__chosokabe__hosokawa_fujitaka__varied-a-l1__baseline-b-l3__judge-glm-5.1-thinking-explicitly-off__repeat-10
[judge-sensitivity] -> ok honnoji-decision__chosokabe__hosokawa_fujitaka__varied-a-l1__baseline-b-l3__judge-glm-5.2-thinking-explicitly-on__repeat-1 63368ms
[judge-sensitivity] judge honnoji-decision__chosokabe__hosokawa_fujitaka__varied-a-l1__baseline-b-l3__judge-minimax-m2.5-thinking-explicitly-on__repeat-1
[judge-sensitivity] -> ok honnoji-decision__chosokabe__hosokawa_fujitaka__varied-a-l1__baseline-b-l3__judge-qwen3.6-27b-thinking-explicitly-on__repeat-7 148420ms
[judge-sensitivity] judge honnoji-decision__chosokabe__hosokawa_fujitaka__varied-a-l1__baseline-b-l3__judge-minimax-m2.5-thinking-explicitly-on__repeat-2
[judge-sensitivity] -> ok honnoji-decision__chosokabe__hosokawa_fujitaka__varied-a-l1__baseline-b-l3__judge-qwen3.6-27b-thinking-explicitly-on__repeat-10 122774ms
[judge-sensitivity] judge honnoji-decision__chosokabe__hosokawa_fujitaka__varied-a-l1__baseline-b-l3__judge-minimax-m2.5-thinking-explicitly-on__repeat-3
[judge-sensitivity] -> ok honnoji-decision__chosokabe__hosokawa_fujitaka__varied-a-l1__baseline-b-l3__judge-glm-5.1-thinking-explicitly-off__repeat-5 16124ms
[judge-sensitivity] judge honnoji-decision__chosokabe__hosokawa_fujitaka__varied-a-l1__baseline-b-l3__judge-minimax-m2.5-thinking-explicitly-on__repeat-4
[judge-sensitivity] -> ok honnoji-decision__chosokabe__hosokawa_fujitaka__varied-a-l1__baseline-b-l3__judge-glm-5.1-thinking-explicitly-off__repeat-7 11805ms
[judge-sensitivity] judge honnoji-decision__chosokabe__hosokawa_fujitaka__varied-a-l1__baseline-b-l3__judge-minimax-m2.5-thinking-explicitly-on__repeat-5
[judge-sensitivity] -> ok honnoji-decision__chosokabe__hosokawa_fujitaka__varied-a-l1__baseline-b-l3__judge-glm-5.2-thinking-explicitly-on__repeat-7 62187ms
[judge-sensitivity] judge honnoji-decision__chosokabe__hosokawa_fujitaka__varied-a-l1__baseline-b-l3__judge-minimax-m2.5-thinking-explicitly-on__repeat-6
[judge-sensitivity] -> ok honnoji-decision__chosokabe__hosokawa_fujitaka__varied-a-l1__baseline-b-l3__judge-glm-5.1-thinking-explicitly-off__repeat-6 13674ms
[judge-sensitivity] judge honnoji-decision__chosokabe__hosokawa_fujitaka__varied-a-l1__baseline-b-l3__judge-minimax-m2.5-thinking-explicitly-on__repeat-7
[judge-sensitivity] -> ok honnoji-decision__chosokabe__hosokawa_fujitaka__varied-a-l1__baseline-b-l3__judge-glm-5.1-thinking-explicitly-off__repeat-8 12268ms
[judge-sensitivity] judge honnoji-decision__chosokabe__hosokawa_fujitaka__varied-a-l1__baseline-b-l3__judge-minimax-m2.5-thinking-explicitly-on__repeat-8
[judge-sensitivity] -> ok honnoji-decision__chosokabe__hosokawa_fujitaka__varied-a-l1__baseline-b-l3__judge-glm-5.1-thinking-explicitly-off__repeat-9 14184ms
[judge-sensitivity] judge honnoji-decision__chosokabe__hosokawa_fujitaka__varied-a-l1__baseline-b-l3__judge-minimax-m2.5-thinking-explicitly-on__repeat-9
[judge-sensitivity] -> ok honnoji-decision__chosokabe__hosokawa_fujitaka__varied-a-l1__baseline-b-l3__judge-glm-5.1-thinking-explicitly-off__repeat-10 12369ms
[judge-sensitivity] judge honnoji-decision__chosokabe__hosokawa_fujitaka__varied-a-l1__baseline-b-l3__judge-minimax-m2.5-thinking-explicitly-on__repeat-10
[judge-sensitivity] -> ok honnoji-decision__chosokabe__hosokawa_fujitaka__varied-a-l1__baseline-b-l3__judge-glm-5.2-thinking-explicitly-on__repeat-4 74013ms
[judge-sensitivity] judge honnoji-decision__chosokabe__hosokawa_fujitaka__varied-a-l2__baseline-b-l3__judge-deepseek-v4-pro-thinking-explicitly-on__repeat-1
[judge-sensitivity] -> ok honnoji-decision__chosokabe__hosokawa_fujitaka__varied-a-l1__baseline-b-l3__judge-minimax-m2.5-thinking-explicitly-on__repeat-1 18796ms
[judge-sensitivity] judge honnoji-decision__chosokabe__hosokawa_fujitaka__varied-a-l2__baseline-b-l3__judge-deepseek-v4-pro-thinking-explicitly-on__repeat-2
[judge-sensitivity] -> ok honnoji-decision__chosokabe__hosokawa_fujitaka__varied-a-l1__baseline-b-l3__judge-glm-5.2-thinking-explicitly-on__repeat-3 78855ms
[judge-sensitivity] judge honnoji-decision__chosokabe__hosokawa_fujitaka__varied-a-l2__baseline-b-l3__judge-deepseek-v4-pro-thinking-explicitly-on__repeat-3
[judge-sensitivity] -> ok honnoji-decision__chosokabe__hosokawa_fujitaka__varied-a-l1__baseline-b-l3__judge-minimax-m2.5-thinking-explicitly-on__repeat-3 18738ms
[judge-sensitivity] judge honnoji-decision__chosokabe__hosokawa_fujitaka__varied-a-l2__baseline-b-l3__judge-deepseek-v4-pro-thinking-explicitly-on__repeat-4
[judge-sensitivity] -> ok honnoji-decision__chosokabe__hosokawa_fujitaka__varied-a-l1__baseline-b-l3__judge-glm-5.1-thinking-explicitly-on__repeat-8 40247ms
[judge-sensitivity] judge honnoji-decision__chosokabe__hosokawa_fujitaka__varied-a-l2__baseline-b-l3__judge-deepseek-v4-pro-thinking-explicitly-on__repeat-5
[judge-sensitivity] -> ok honnoji-decision__chosokabe__hosokawa_fujitaka__varied-a-l1__baseline-b-l3__judge-glm-5.2-thinking-explicitly-on__repeat-9 64862ms
[judge-sensitivity] judge honnoji-decision__chosokabe__hosokawa_fujitaka__varied-a-l2__baseline-b-l3__judge-deepseek-v4-pro-thinking-explicitly-on__repeat-6
[judge-sensitivity] -> ok honnoji-decision__chosokabe__hosokawa_fujitaka__varied-a-l1__baseline-b-l3__judge-minimax-m2.5-thinking-explicitly-on__repeat-4 18819ms
[judge-sensitivity] judge honnoji-decision__chosokabe__hosokawa_fujitaka__varied-a-l2__baseline-b-l3__judge-deepseek-v4-pro-thinking-explicitly-on__repeat-7
[judge-sensitivity] -> ok honnoji-decision__chosokabe__hosokawa_fujitaka__varied-a-l1__baseline-b-l3__judge-glm-5.1-thinking-explicitly-on__repeat-3 47270ms
[judge-sensitivity] judge honnoji-decision__chosokabe__hosokawa_fujitaka__varied-a-l2__baseline-b-l3__judge-deepseek-v4-pro-thinking-explicitly-on__repeat-8
[judge-sensitivity] -> ok honnoji-decision__chosokabe__hosokawa_fujitaka__varied-a-l1__baseline-b-l3__judge-minimax-m2.5-thinking-explicitly-on__repeat-2 21978ms
[judge-sensitivity] judge honnoji-decision__chosokabe__hosokawa_fujitaka__varied-a-l2__baseline-b-l3__judge-deepseek-v4-pro-thinking-explicitly-on__repeat-9
[judge-sensitivity] -> ok honnoji-decision__chosokabe__hosokawa_fujitaka__varied-a-l1__baseline-b-l3__judge-glm-5.2-thinking-explicitly-on__repeat-8 77596ms
[judge-sensitivity] judge honnoji-decision__chosokabe__hosokawa_fujitaka__varied-a-l2__baseline-b-l3__judge-deepseek-v4-pro-thinking-explicitly-on__repeat-10
[judge-sensitivity] -> ok honnoji-decision__chosokabe__hosokawa_fujitaka__varied-a-l1__baseline-b-l3__judge-glm-5.1-thinking-explicitly-on__repeat-10 43251ms
[judge-sensitivity] judge honnoji-decision__chosokabe__hosokawa_fujitaka__varied-a-l2__baseline-b-l3__judge-deepseek-v4-flash-thinking-explicitly-on__repeat-1
[judge-sensitivity] -> ok honnoji-decision__chosokabe__hosokawa_fujitaka__varied-a-l1__baseline-b-l3__judge-glm-5.1-thinking-explicitly-on__repeat-9 46317ms
[judge-sensitivity] judge honnoji-decision__chosokabe__hosokawa_fujitaka__varied-a-l2__baseline-b-l3__judge-deepseek-v4-flash-thinking-explicitly-on__repeat-2
[judge-sensitivity] -> ok honnoji-decision__chosokabe__hosokawa_fujitaka__varied-a-l1__baseline-b-l3__judge-glm-5.1-thinking-explicitly-on__repeat-5 51659ms
[judge-sensitivity] judge honnoji-decision__chosokabe__hosokawa_fujitaka__varied-a-l2__baseline-b-l3__judge-deepseek-v4-flash-thinking-explicitly-on__repeat-3
[judge-sensitivity] -> ok honnoji-decision__chosokabe__hosokawa_fujitaka__varied-a-l1__baseline-b-l3__judge-minimax-m2.5-thinking-explicitly-on__repeat-7 20236ms
[judge-sensitivity] judge honnoji-decision__chosokabe__hosokawa_fujitaka__varied-a-l2__baseline-b-l3__judge-deepseek-v4-flash-thinking-explicitly-on__repeat-4
[judge-sensitivity] -> ok honnoji-decision__chosokabe__hosokawa_fujitaka__varied-a-l1__baseline-b-l3__judge-minimax-m2.5-thinking-explicitly-on__repeat-5 20917ms
[judge-sensitivity] judge honnoji-decision__chosokabe__hosokawa_fujitaka__varied-a-l2__baseline-b-l3__judge-deepseek-v4-flash-thinking-explicitly-on__repeat-5
[judge-sensitivity] -> ok honnoji-decision__chosokabe__hosokawa_fujitaka__varied-a-l1__baseline-b-l3__judge-glm-5.2-thinking-explicitly-on__repeat-5 86261ms
[judge-sensitivity] judge honnoji-decision__chosokabe__hosokawa_fujitaka__varied-a-l2__baseline-b-l3__judge-deepseek-v4-flash-thinking-explicitly-on__repeat-6
[judge-sensitivity] -> ok honnoji-decision__chosokabe__hosokawa_fujitaka__varied-a-l1__baseline-b-l3__judge-glm-5.2-thinking-explicitly-on__repeat-10 71453ms
[judge-sensitivity] judge honnoji-decision__chosokabe__hosokawa_fujitaka__varied-a-l2__baseline-b-l3__judge-deepseek-v4-flash-thinking-explicitly-on__repeat-7
[judge-sensitivity] -> ok honnoji-decision__chosokabe__hosokawa_fujitaka__varied-a-l1__baseline-b-l3__judge-minimax-m2.5-thinking-explicitly-on__repeat-6 24588ms
[judge-sensitivity] judge honnoji-decision__chosokabe__hosokawa_fujitaka__varied-a-l2__baseline-b-l3__judge-deepseek-v4-flash-thinking-explicitly-on__repeat-8
[judge-sensitivity] -> ok honnoji-decision__chosokabe__hosokawa_fujitaka__varied-a-l1__baseline-b-l3__judge-glm-5.2-thinking-explicitly-on__repeat-2 91734ms
[judge-sensitivity] judge honnoji-decision__chosokabe__hosokawa_fujitaka__varied-a-l2__baseline-b-l3__judge-deepseek-v4-flash-thinking-explicitly-on__repeat-9
[judge-sensitivity] -> ok honnoji-decision__chosokabe__hosokawa_fujitaka__varied-a-l1__baseline-b-l3__judge-minimax-m2.5-thinking-explicitly-on__repeat-9 21770ms
[judge-sensitivity] judge honnoji-decision__chosokabe__hosokawa_fujitaka__varied-a-l2__baseline-b-l3__judge-deepseek-v4-flash-thinking-explicitly-on__repeat-10
[judge-sensitivity] -> ok honnoji-decision__chosokabe__hosokawa_fujitaka__varied-a-l1__baseline-b-l3__judge-glm-5.2-thinking-explicitly-on__repeat-6 92237ms
[judge-sensitivity] judge honnoji-decision__chosokabe__hosokawa_fujitaka__varied-a-l2__baseline-b-l3__judge-deepseek-v4-flash-thinking-explicitly-off__repeat-1
[judge-sensitivity] -> ok honnoji-decision__chosokabe__hosokawa_fujitaka__varied-a-l1__baseline-b-l3__judge-minimax-m2.5-thinking-explicitly-on__repeat-10 23273ms
[judge-sensitivity] judge honnoji-decision__chosokabe__hosokawa_fujitaka__varied-a-l2__baseline-b-l3__judge-deepseek-v4-flash-thinking-explicitly-off__repeat-2
[judge-sensitivity] -> ok honnoji-decision__chosokabe__hosokawa_fujitaka__varied-a-l1__baseline-b-l3__judge-glm-5.1-thinking-explicitly-on__repeat-2 62190ms
[judge-sensitivity] judge honnoji-decision__chosokabe__hosokawa_fujitaka__varied-a-l2__baseline-b-l3__judge-deepseek-v4-flash-thinking-explicitly-off__repeat-3
[judge-sensitivity] -> ok honnoji-decision__chosokabe__hosokawa_fujitaka__varied-a-l1__baseline-b-l3__judge-glm-5.1-thinking-explicitly-on__repeat-6 61767ms
[judge-sensitivity] judge honnoji-decision__chosokabe__hosokawa_fujitaka__varied-a-l2__baseline-b-l3__judge-deepseek-v4-flash-thinking-explicitly-off__repeat-4
[judge-sensitivity] -> ok honnoji-decision__chosokabe__hosokawa_fujitaka__varied-a-l1__baseline-b-l3__judge-glm-5.1-thinking-explicitly-on__repeat-4 65551ms
[judge-sensitivity] judge honnoji-decision__chosokabe__hosokawa_fujitaka__varied-a-l2__baseline-b-l3__judge-deepseek-v4-flash-thinking-explicitly-off__repeat-5
[judge-sensitivity] -> ok honnoji-decision__chosokabe__hosokawa_fujitaka__varied-a-l1__baseline-b-l3__judge-minimax-m2.5-thinking-explicitly-on__repeat-8 31964ms
[judge-sensitivity] judge honnoji-decision__chosokabe__hosokawa_fujitaka__varied-a-l2__baseline-b-l3__judge-deepseek-v4-flash-thinking-explicitly-off__repeat-6
[judge-sensitivity] -> ok honnoji-decision__chosokabe__hosokawa_fujitaka__varied-a-l2__baseline-b-l3__judge-deepseek-v4-pro-thinking-explicitly-on__repeat-1 29426ms
[judge-sensitivity] judge honnoji-decision__chosokabe__hosokawa_fujitaka__varied-a-l2__baseline-b-l3__judge-deepseek-v4-flash-thinking-explicitly-off__repeat-7
[judge-sensitivity] -> ok honnoji-decision__chosokabe__hosokawa_fujitaka__varied-a-l2__baseline-b-l3__judge-deepseek-v4-pro-thinking-explicitly-on__repeat-4 25497ms
[judge-sensitivity] judge honnoji-decision__chosokabe__hosokawa_fujitaka__varied-a-l2__baseline-b-l3__judge-deepseek-v4-flash-thinking-explicitly-off__repeat-8
[judge-sensitivity] -> ok honnoji-decision__chosokabe__hosokawa_fujitaka__varied-a-l2__baseline-b-l3__judge-deepseek-v4-pro-thinking-explicitly-on__repeat-3 27714ms
[judge-sensitivity] judge honnoji-decision__chosokabe__hosokawa_fujitaka__varied-a-l2__baseline-b-l3__judge-deepseek-v4-flash-thinking-explicitly-off__repeat-9
[judge-sensitivity] -> ok honnoji-decision__chosokabe__hosokawa_fujitaka__varied-a-l2__baseline-b-l3__judge-deepseek-v4-flash-thinking-explicitly-off__repeat-2 14619ms
[judge-sensitivity] judge honnoji-decision__chosokabe__hosokawa_fujitaka__varied-a-l2__baseline-b-l3__judge-deepseek-v4-flash-thinking-explicitly-off__repeat-10
[judge-sensitivity] -> ok honnoji-decision__chosokabe__hosokawa_fujitaka__varied-a-l2__baseline-b-l3__judge-deepseek-v4-pro-thinking-explicitly-on__repeat-8 30454ms
[judge-sensitivity] judge honnoji-decision__chosokabe__hosokawa_fujitaka__varied-a-l2__baseline-b-l3__judge-deepseek-v3.2-thinking-explicitly-on__repeat-1
[judge-sensitivity] -> ok honnoji-decision__chosokabe__hosokawa_fujitaka__varied-a-l2__baseline-b-l3__judge-deepseek-v4-flash-thinking-explicitly-off__repeat-5 12036ms
[judge-sensitivity] judge honnoji-decision__chosokabe__hosokawa_fujitaka__varied-a-l2__baseline-b-l3__judge-deepseek-v3.2-thinking-explicitly-on__repeat-2
[judge-sensitivity] -> ok honnoji-decision__chosokabe__hosokawa_fujitaka__varied-a-l2__baseline-b-l3__judge-deepseek-v4-flash-thinking-explicitly-off__repeat-3 17939ms
[judge-sensitivity] judge honnoji-decision__chosokabe__hosokawa_fujitaka__varied-a-l2__baseline-b-l3__judge-deepseek-v3.2-thinking-explicitly-on__repeat-3
[judge-sensitivity] -> ok honnoji-decision__chosokabe__hosokawa_fujitaka__varied-a-l2__baseline-b-l3__judge-deepseek-v4-pro-thinking-explicitly-on__repeat-10 30399ms
[judge-sensitivity] judge honnoji-decision__chosokabe__hosokawa_fujitaka__varied-a-l2__baseline-b-l3__judge-deepseek-v3.2-thinking-explicitly-on__repeat-4
[judge-sensitivity] -> ok honnoji-decision__chosokabe__hosokawa_fujitaka__varied-a-l2__baseline-b-l3__judge-deepseek-v4-flash-thinking-explicitly-on__repeat-6 26918ms
[judge-sensitivity] judge honnoji-decision__chosokabe__hosokawa_fujitaka__varied-a-l2__baseline-b-l3__judge-deepseek-v3.2-thinking-explicitly-on__repeat-5
[judge-sensitivity] -> ok honnoji-decision__chosokabe__hosokawa_fujitaka__varied-a-l2__baseline-b-l3__judge-deepseek-v4-flash-thinking-explicitly-off__repeat-4 16020ms
[judge-sensitivity] judge honnoji-decision__chosokabe__hosokawa_fujitaka__varied-a-l2__baseline-b-l3__judge-deepseek-v3.2-thinking-explicitly-on__repeat-6
[judge-sensitivity] -> ok honnoji-decision__chosokabe__hosokawa_fujitaka__varied-a-l2__baseline-b-l3__judge-deepseek-v4-flash-thinking-explicitly-off__repeat-8 11227ms
[judge-sensitivity] judge honnoji-decision__chosokabe__hosokawa_fujitaka__varied-a-l2__baseline-b-l3__judge-deepseek-v3.2-thinking-explicitly-on__repeat-7
[judge-sensitivity] -> ok honnoji-decision__chosokabe__hosokawa_fujitaka__varied-a-l2__baseline-b-l3__judge-deepseek-v4-flash-thinking-explicitly-off__repeat-6 15564ms
[judge-sensitivity] judge honnoji-decision__chosokabe__hosokawa_fujitaka__varied-a-l2__baseline-b-l3__judge-deepseek-v3.2-thinking-explicitly-on__repeat-8
[judge-sensitivity] -> ok honnoji-decision__chosokabe__hosokawa_fujitaka__varied-a-l2__baseline-b-l3__judge-deepseek-v4-flash-thinking-explicitly-off__repeat-1 22516ms
[judge-sensitivity] judge honnoji-decision__chosokabe__hosokawa_fujitaka__varied-a-l2__baseline-b-l3__judge-deepseek-v3.2-thinking-explicitly-on__repeat-9
[judge-sensitivity] -> ok honnoji-decision__chosokabe__hosokawa_fujitaka__varied-a-l2__baseline-b-l3__judge-deepseek-v4-flash-thinking-explicitly-off__repeat-9 13656ms
[judge-sensitivity] judge honnoji-decision__chosokabe__hosokawa_fujitaka__varied-a-l2__baseline-b-l3__judge-deepseek-v3.2-thinking-explicitly-on__repeat-10
[judge-sensitivity] -> ok honnoji-decision__chosokabe__hosokawa_fujitaka__varied-a-l2__baseline-b-l3__judge-deepseek-v4-flash-thinking-explicitly-on__repeat-5 34129ms
[judge-sensitivity] judge honnoji-decision__chosokabe__hosokawa_fujitaka__varied-a-l2__baseline-b-l3__judge-deepseek-v3.2-thinking-explicitly-off__repeat-1
[judge-sensitivity] -> ok honnoji-decision__chosokabe__hosokawa_fujitaka__varied-a-l1__baseline-b-l3__judge-glm-5.1-thinking-explicitly-on__repeat-1 90368ms
[judge-sensitivity] judge honnoji-decision__chosokabe__hosokawa_fujitaka__varied-a-l2__baseline-b-l3__judge-deepseek-v3.2-thinking-explicitly-off__repeat-2
[judge-sensitivity] -> ok honnoji-decision__chosokabe__hosokawa_fujitaka__varied-a-l1__baseline-b-l3__judge-glm-5.1-thinking-explicitly-on__repeat-7 84108ms
[judge-sensitivity] judge honnoji-decision__chosokabe__hosokawa_fujitaka__varied-a-l2__baseline-b-l3__judge-deepseek-v3.2-thinking-explicitly-off__repeat-3
[judge-sensitivity] -> ok honnoji-decision__chosokabe__hosokawa_fujitaka__varied-a-l2__baseline-b-l3__judge-deepseek-v4-pro-thinking-explicitly-on__repeat-2 45348ms
[judge-sensitivity] judge honnoji-decision__chosokabe__hosokawa_fujitaka__varied-a-l2__baseline-b-l3__judge-deepseek-v3.2-thinking-explicitly-off__repeat-4
[judge-sensitivity] -> ok honnoji-decision__chosokabe__hosokawa_fujitaka__varied-a-l2__baseline-b-l3__judge-deepseek-v4-pro-thinking-explicitly-on__repeat-7 47250ms
[judge-sensitivity] judge honnoji-decision__chosokabe__hosokawa_fujitaka__varied-a-l2__baseline-b-l3__judge-deepseek-v3.2-thinking-explicitly-off__repeat-5
[judge-sensitivity] -> ok honnoji-decision__chosokabe__hosokawa_fujitaka__varied-a-l2__baseline-b-l3__judge-deepseek-v4-flash-thinking-explicitly-off__repeat-10 19095ms
[judge-sensitivity] judge honnoji-decision__chosokabe__hosokawa_fujitaka__varied-a-l2__baseline-b-l3__judge-deepseek-v3.2-thinking-explicitly-off__repeat-6
[judge-sensitivity] -> ok honnoji-decision__chosokabe__hosokawa_fujitaka__varied-a-l2__baseline-b-l3__judge-deepseek-v4-flash-thinking-explicitly-off__repeat-7 26079ms
[judge-sensitivity] judge honnoji-decision__chosokabe__hosokawa_fujitaka__varied-a-l2__baseline-b-l3__judge-deepseek-v3.2-thinking-explicitly-off__repeat-7
[judge-sensitivity] -> ok honnoji-decision__chosokabe__hosokawa_fujitaka__varied-a-l2__baseline-b-l3__judge-deepseek-v4-flash-thinking-explicitly-on__repeat-4 45633ms
[judge-sensitivity] judge honnoji-decision__chosokabe__hosokawa_fujitaka__varied-a-l2__baseline-b-l3__judge-deepseek-v3.2-thinking-explicitly-off__repeat-8
[judge-sensitivity] -> ok honnoji-decision__chosokabe__hosokawa_fujitaka__varied-a-l2__baseline-b-l3__judge-deepseek-v4-pro-thinking-explicitly-on__repeat-6 54153ms
[judge-sensitivity] judge honnoji-decision__chosokabe__hosokawa_fujitaka__varied-a-l2__baseline-b-l3__judge-deepseek-v3.2-thinking-explicitly-off__repeat-9
[judge-sensitivity] -> ok honnoji-decision__chosokabe__hosokawa_fujitaka__varied-a-l2__baseline-b-l3__judge-deepseek-v3.2-thinking-explicitly-on__repeat-7 20394ms
[judge-sensitivity] judge honnoji-decision__chosokabe__hosokawa_fujitaka__varied-a-l2__baseline-b-l3__judge-deepseek-v3.2-thinking-explicitly-off__repeat-10
[judge-sensitivity] -> ok honnoji-decision__chosokabe__hosokawa_fujitaka__varied-a-l2__baseline-b-l3__judge-deepseek-v3.2-thinking-explicitly-on__repeat-2 26311ms
[judge-sensitivity] judge honnoji-decision__chosokabe__hosokawa_fujitaka__varied-a-l2__baseline-b-l3__judge-deepseek-r1-thinking-explicitly-on__repeat-1
[judge-sensitivity] -> ok honnoji-decision__chosokabe__hosokawa_fujitaka__varied-a-l2__baseline-b-l3__judge-deepseek-v4-flash-thinking-explicitly-on__repeat-1 54550ms
[judge-sensitivity] judge honnoji-decision__chosokabe__hosokawa_fujitaka__varied-a-l2__baseline-b-l3__judge-deepseek-r1-thinking-explicitly-on__repeat-2
[judge-sensitivity] -> ok honnoji-decision__chosokabe__hosokawa_fujitaka__varied-a-l2__baseline-b-l3__judge-deepseek-v3.2-thinking-explicitly-off__repeat-1 22136ms
[judge-sensitivity] judge honnoji-decision__chosokabe__hosokawa_fujitaka__varied-a-l2__baseline-b-l3__judge-deepseek-r1-thinking-explicitly-on__repeat-3
[judge-sensitivity] -> ok honnoji-decision__chosokabe__hosokawa_fujitaka__varied-a-l2__baseline-b-l3__judge-deepseek-v3.2-thinking-explicitly-on__repeat-5 29720ms
[judge-sensitivity] judge honnoji-decision__chosokabe__hosokawa_fujitaka__varied-a-l2__baseline-b-l3__judge-deepseek-r1-thinking-explicitly-on__repeat-4
[judge-sensitivity] -> ok honnoji-decision__chosokabe__hosokawa_fujitaka__varied-a-l2__baseline-b-l3__judge-deepseek-v3.2-thinking-explicitly-off__repeat-3 23633ms
[judge-sensitivity] judge honnoji-decision__chosokabe__hosokawa_fujitaka__varied-a-l2__baseline-b-l3__judge-deepseek-r1-thinking-explicitly-on__repeat-5
[judge-sensitivity] -> ok honnoji-decision__chosokabe__hosokawa_fujitaka__varied-a-l2__baseline-b-l3__judge-deepseek-v4-pro-thinking-explicitly-on__repeat-5 67657ms
[judge-sensitivity] judge honnoji-decision__chosokabe__hosokawa_fujitaka__varied-a-l2__baseline-b-l3__judge-deepseek-r1-thinking-explicitly-on__repeat-6
[judge-sensitivity] -> ok honnoji-decision__chosokabe__hosokawa_fujitaka__varied-a-l2__baseline-b-l3__judge-deepseek-v3.2-thinking-explicitly-off__repeat-4 23524ms
[judge-sensitivity] judge honnoji-decision__chosokabe__hosokawa_fujitaka__varied-a-l2__baseline-b-l3__judge-deepseek-r1-thinking-explicitly-on__repeat-7
[judge-sensitivity] -> ok honnoji-decision__chosokabe__hosokawa_fujitaka__varied-a-l2__baseline-b-l3__judge-deepseek-v3.2-thinking-explicitly-on__repeat-8 32067ms
[judge-sensitivity] judge honnoji-decision__chosokabe__hosokawa_fujitaka__varied-a-l2__baseline-b-l3__judge-deepseek-r1-thinking-explicitly-on__repeat-8
[judge-sensitivity] -> ok honnoji-decision__chosokabe__hosokawa_fujitaka__varied-a-l2__baseline-b-l3__judge-deepseek-v4-pro-thinking-explicitly-on__repeat-9 66677ms
[judge-sensitivity] judge honnoji-decision__chosokabe__hosokawa_fujitaka__varied-a-l2__baseline-b-l3__judge-deepseek-r1-thinking-explicitly-on__repeat-9
[judge-sensitivity] -> ok honnoji-decision__chosokabe__hosokawa_fujitaka__varied-a-l2__baseline-b-l3__judge-deepseek-v3.2-thinking-explicitly-off__repeat-8 16198ms
[judge-sensitivity] judge honnoji-decision__chosokabe__hosokawa_fujitaka__varied-a-l2__baseline-b-l3__judge-deepseek-r1-thinking-explicitly-on__repeat-10
[judge-sensitivity] -> ok honnoji-decision__chosokabe__hosokawa_fujitaka__varied-a-l2__baseline-b-l3__judge-deepseek-v3.2-thinking-explicitly-off__repeat-2 27615ms
[judge-sensitivity] judge honnoji-decision__chosokabe__hosokawa_fujitaka__varied-a-l2__baseline-b-l3__judge-deepseek-r1-thinking-explicitly-off__repeat-1
[judge-sensitivity] -> ok honnoji-decision__chosokabe__hosokawa_fujitaka__varied-a-l2__baseline-b-l3__judge-deepseek-v3.2-thinking-explicitly-off__repeat-6 20781ms
[judge-sensitivity] judge honnoji-decision__chosokabe__hosokawa_fujitaka__varied-a-l2__baseline-b-l3__judge-deepseek-r1-thinking-explicitly-off__repeat-2
[judge-sensitivity] -> ok honnoji-decision__chosokabe__hosokawa_fujitaka__varied-a-l2__baseline-b-l3__judge-deepseek-v3.2-thinking-explicitly-on__repeat-10 34518ms
[judge-sensitivity] judge honnoji-decision__chosokabe__hosokawa_fujitaka__varied-a-l2__baseline-b-l3__judge-deepseek-r1-thinking-explicitly-off__repeat-3
[judge-sensitivity] -> ok honnoji-decision__chosokabe__hosokawa_fujitaka__varied-a-l2__baseline-b-l3__judge-deepseek-v3.2-thinking-explicitly-off__repeat-7 25051ms
[judge-sensitivity] judge honnoji-decision__chosokabe__hosokawa_fujitaka__varied-a-l2__baseline-b-l3__judge-deepseek-r1-thinking-explicitly-off__repeat-4
[judge-sensitivity] -> ok honnoji-decision__chosokabe__hosokawa_fujitaka__varied-a-l2__baseline-b-l3__judge-deepseek-v4-flash-thinking-explicitly-on__repeat-7 65558ms
[judge-sensitivity] judge honnoji-decision__chosokabe__hosokawa_fujitaka__varied-a-l2__baseline-b-l3__judge-deepseek-r1-thinking-explicitly-off__repeat-5
[judge-sensitivity] -> ok honnoji-decision__chosokabe__hosokawa_fujitaka__varied-a-l2__baseline-b-l3__judge-deepseek-v4-flash-thinking-explicitly-on__repeat-3 68906ms
[judge-sensitivity] judge honnoji-decision__chosokabe__hosokawa_fujitaka__varied-a-l2__baseline-b-l3__judge-deepseek-r1-thinking-explicitly-off__repeat-6
[judge-sensitivity] -> ok honnoji-decision__chosokabe__hosokawa_fujitaka__varied-a-l2__baseline-b-l3__judge-deepseek-v3.2-thinking-explicitly-on__repeat-3 42650ms
[judge-sensitivity] judge honnoji-decision__chosokabe__hosokawa_fujitaka__varied-a-l2__baseline-b-l3__judge-deepseek-r1-thinking-explicitly-off__repeat-7
[judge-sensitivity] -> ok honnoji-decision__chosokabe__hosokawa_fujitaka__varied-a-l2__baseline-b-l3__judge-deepseek-v4-flash-thinking-explicitly-on__repeat-9 66621ms
[judge-sensitivity] judge honnoji-decision__chosokabe__hosokawa_fujitaka__varied-a-l2__baseline-b-l3__judge-deepseek-r1-thinking-explicitly-off__repeat-8
[judge-sensitivity] -> ok honnoji-decision__chosokabe__hosokawa_fujitaka__varied-a-l2__baseline-b-l3__judge-deepseek-v3.2-thinking-explicitly-off__repeat-10 21920ms
[judge-sensitivity] judge honnoji-decision__chosokabe__hosokawa_fujitaka__varied-a-l2__baseline-b-l3__judge-deepseek-r1-thinking-explicitly-off__repeat-9
[judge-sensitivity] -> ok honnoji-decision__chosokabe__hosokawa_fujitaka__varied-a-l2__baseline-b-l3__judge-deepseek-v3.2-thinking-explicitly-on__repeat-4 45554ms
[judge-sensitivity] judge honnoji-decision__chosokabe__hosokawa_fujitaka__varied-a-l2__baseline-b-l3__judge-deepseek-r1-thinking-explicitly-off__repeat-10
[judge-sensitivity] -> ok honnoji-decision__chosokabe__hosokawa_fujitaka__varied-a-l2__baseline-b-l3__judge-deepseek-r1-thinking-explicitly-off__repeat-1 11842ms
[judge-sensitivity] judge honnoji-decision__chosokabe__hosokawa_fujitaka__varied-a-l2__baseline-b-l3__judge-kimi-k2.7-code-thinking-always-on__repeat-1
[judge-sensitivity] -> ok honnoji-decision__chosokabe__hosokawa_fujitaka__varied-a-l2__baseline-b-l3__judge-deepseek-v3.2-thinking-explicitly-off__repeat-5 34822ms
[judge-sensitivity] judge honnoji-decision__chosokabe__hosokawa_fujitaka__varied-a-l2__baseline-b-l3__judge-kimi-k2.7-code-thinking-always-on__repeat-2
[judge-sensitivity] -> ok honnoji-decision__chosokabe__hosokawa_fujitaka__varied-a-l2__baseline-b-l3__judge-deepseek-r1-thinking-explicitly-off__repeat-2 13436ms
[judge-sensitivity] judge honnoji-decision__chosokabe__hosokawa_fujitaka__varied-a-l2__baseline-b-l3__judge-kimi-k2.7-code-thinking-always-on__repeat-3
[judge-sensitivity] -> ok honnoji-decision__chosokabe__hosokawa_fujitaka__varied-a-l2__baseline-b-l3__judge-deepseek-r1-thinking-explicitly-off__repeat-4 10615ms
[judge-sensitivity] judge honnoji-decision__chosokabe__hosokawa_fujitaka__varied-a-l2__baseline-b-l3__judge-kimi-k2.7-code-thinking-always-on__repeat-4
[judge-sensitivity] -> ok honnoji-decision__chosokabe__hosokawa_fujitaka__varied-a-l2__baseline-b-l3__judge-deepseek-r1-thinking-explicitly-off__repeat-6 11508ms
[judge-sensitivity] judge honnoji-decision__chosokabe__hosokawa_fujitaka__varied-a-l2__baseline-b-l3__judge-kimi-k2.7-code-thinking-always-on__repeat-5
[judge-sensitivity] -> ok honnoji-decision__chosokabe__hosokawa_fujitaka__varied-a-l2__baseline-b-l3__judge-deepseek-r1-thinking-explicitly-off__repeat-8 10457ms
[judge-sensitivity] judge honnoji-decision__chosokabe__hosokawa_fujitaka__varied-a-l2__baseline-b-l3__judge-kimi-k2.7-code-thinking-always-on__repeat-6
[judge-sensitivity] -> ok honnoji-decision__chosokabe__hosokawa_fujitaka__varied-a-l2__baseline-b-l3__judge-deepseek-r1-thinking-explicitly-off__repeat-3 14049ms
[judge-sensitivity] judge honnoji-decision__chosokabe__hosokawa_fujitaka__varied-a-l2__baseline-b-l3__judge-kimi-k2.7-code-thinking-always-on__repeat-7
[judge-sensitivity] -> ok honnoji-decision__chosokabe__hosokawa_fujitaka__varied-a-l2__baseline-b-l3__judge-deepseek-r1-thinking-explicitly-off__repeat-5 13862ms
[judge-sensitivity] judge honnoji-decision__chosokabe__hosokawa_fujitaka__varied-a-l2__baseline-b-l3__judge-kimi-k2.7-code-thinking-always-on__repeat-8
[judge-sensitivity] -> ok honnoji-decision__chosokabe__hosokawa_fujitaka__varied-a-l2__baseline-b-l3__judge-deepseek-r1-thinking-explicitly-off__repeat-7 13418ms
[judge-sensitivity] judge honnoji-decision__chosokabe__hosokawa_fujitaka__varied-a-l2__baseline-b-l3__judge-kimi-k2.7-code-thinking-always-on__repeat-9
[judge-sensitivity] -> ok honnoji-decision__chosokabe__hosokawa_fujitaka__varied-a-l2__baseline-b-l3__judge-deepseek-v3.2-thinking-explicitly-off__repeat-9 35754ms
[judge-sensitivity] judge honnoji-decision__chosokabe__hosokawa_fujitaka__varied-a-l2__baseline-b-l3__judge-kimi-k2.7-code-thinking-always-on__repeat-10
[judge-sensitivity] -> ok honnoji-decision__chosokabe__hosokawa_fujitaka__varied-a-l2__baseline-b-l3__judge-deepseek-r1-thinking-explicitly-off__repeat-9 13101ms
[judge-sensitivity] judge honnoji-decision__chosokabe__hosokawa_fujitaka__varied-a-l2__baseline-b-l3__judge-kimi-k2.6-thinking-explicitly-on__repeat-1
[judge-sensitivity] -> ok honnoji-decision__chosokabe__hosokawa_fujitaka__varied-a-l2__baseline-b-l3__judge-deepseek-r1-thinking-explicitly-off__repeat-10 13557ms
[judge-sensitivity] judge honnoji-decision__chosokabe__hosokawa_fujitaka__varied-a-l2__baseline-b-l3__judge-kimi-k2.6-thinking-explicitly-on__repeat-2
[judge-sensitivity] -> ok honnoji-decision__chosokabe__hosokawa_fujitaka__varied-a-l2__baseline-b-l3__judge-deepseek-v3.2-thinking-explicitly-on__repeat-9 56755ms
[judge-sensitivity] judge honnoji-decision__chosokabe__hosokawa_fujitaka__varied-a-l2__baseline-b-l3__judge-kimi-k2.6-thinking-explicitly-on__repeat-3
[judge-sensitivity] -> ok honnoji-decision__chosokabe__hosokawa_fujitaka__varied-a-l2__baseline-b-l3__judge-deepseek-v3.2-thinking-explicitly-on__repeat-1 65503ms
[judge-sensitivity] judge honnoji-decision__chosokabe__hosokawa_fujitaka__varied-a-l2__baseline-b-l3__judge-kimi-k2.6-thinking-explicitly-on__repeat-4
[judge-sensitivity] -> ok honnoji-decision__chosokabe__hosokawa_fujitaka__varied-a-l2__baseline-b-l3__judge-deepseek-r1-thinking-explicitly-on__repeat-9 36150ms
[judge-sensitivity] judge honnoji-decision__chosokabe__hosokawa_fujitaka__varied-a-l2__baseline-b-l3__judge-kimi-k2.6-thinking-explicitly-on__repeat-5
[judge-sensitivity] -> ok honnoji-decision__chosokabe__hosokawa_fujitaka__varied-a-l1__baseline-b-l3__judge-qwen3.6-35b-a3b-thinking-explicitly-off__repeat-1 298759ms
[judge-sensitivity] judge honnoji-decision__chosokabe__hosokawa_fujitaka__varied-a-l2__baseline-b-l3__judge-kimi-k2.6-thinking-explicitly-on__repeat-6
[judge-sensitivity] -> ok honnoji-decision__chosokabe__hosokawa_fujitaka__varied-a-l2__baseline-b-l3__judge-deepseek-v3.2-thinking-explicitly-on__repeat-6 78948ms
[judge-sensitivity] judge honnoji-decision__chosokabe__hosokawa_fujitaka__varied-a-l2__baseline-b-l3__judge-kimi-k2.6-thinking-explicitly-on__repeat-7
[judge-sensitivity] -> ok honnoji-decision__chosokabe__hosokawa_fujitaka__varied-a-l2__baseline-b-l3__judge-deepseek-r1-thinking-explicitly-on__repeat-8 48333ms
[judge-sensitivity] judge honnoji-decision__chosokabe__hosokawa_fujitaka__varied-a-l2__baseline-b-l3__judge-kimi-k2.6-thinking-explicitly-on__repeat-8
[judge-sensitivity] -> ok honnoji-decision__chosokabe__hosokawa_fujitaka__varied-a-l2__baseline-b-l3__judge-deepseek-r1-thinking-explicitly-on__repeat-5 57968ms
[judge-sensitivity] judge honnoji-decision__chosokabe__hosokawa_fujitaka__varied-a-l2__baseline-b-l3__judge-kimi-k2.6-thinking-explicitly-on__repeat-9
[judge-sensitivity] -> ok honnoji-decision__chosokabe__hosokawa_fujitaka__varied-a-l2__baseline-b-l3__judge-deepseek-r1-thinking-explicitly-on__repeat-3 63491ms
[judge-sensitivity] judge honnoji-decision__chosokabe__hosokawa_fujitaka__varied-a-l2__baseline-b-l3__judge-kimi-k2.6-thinking-explicitly-on__repeat-10
[judge-sensitivity] -> ok honnoji-decision__chosokabe__hosokawa_fujitaka__varied-a-l2__baseline-b-l3__judge-deepseek-r1-thinking-explicitly-on__repeat-1 70891ms
[judge-sensitivity] judge honnoji-decision__chosokabe__hosokawa_fujitaka__varied-a-l2__baseline-b-l3__judge-kimi-k2.6-thinking-explicitly-off__repeat-1
[judge-sensitivity] -> ok honnoji-decision__chosokabe__hosokawa_fujitaka__varied-a-l2__baseline-b-l3__judge-deepseek-r1-thinking-explicitly-on__repeat-7 66242ms
[judge-sensitivity] judge honnoji-decision__chosokabe__hosokawa_fujitaka__varied-a-l2__baseline-b-l3__judge-kimi-k2.6-thinking-explicitly-off__repeat-2
[judge-sensitivity] -> ok honnoji-decision__chosokabe__hosokawa_fujitaka__varied-a-l2__baseline-b-l3__judge-deepseek-r1-thinking-explicitly-on__repeat-2 75792ms
[judge-sensitivity] judge honnoji-decision__chosokabe__hosokawa_fujitaka__varied-a-l2__baseline-b-l3__judge-kimi-k2.6-thinking-explicitly-off__repeat-3
[judge-sensitivity] -> ok honnoji-decision__chosokabe__hosokawa_fujitaka__varied-a-l2__baseline-b-l3__judge-kimi-k2.7-code-thinking-always-on__repeat-6 53330ms
[judge-sensitivity] judge honnoji-decision__chosokabe__hosokawa_fujitaka__varied-a-l2__baseline-b-l3__judge-kimi-k2.6-thinking-explicitly-off__repeat-4
[judge-sensitivity] -> ok honnoji-decision__chosokabe__hosokawa_fujitaka__varied-a-l2__baseline-b-l3__judge-deepseek-r1-thinking-explicitly-on__repeat-10 75077ms
[judge-sensitivity] judge honnoji-decision__chosokabe__hosokawa_fujitaka__varied-a-l2__baseline-b-l3__judge-kimi-k2.6-thinking-explicitly-off__repeat-5
[judge-sensitivity] -> ok honnoji-decision__chosokabe__hosokawa_fujitaka__varied-a-l2__baseline-b-l3__judge-deepseek-r1-thinking-explicitly-on__repeat-6 77583ms
[judge-sensitivity] judge honnoji-decision__chosokabe__hosokawa_fujitaka__varied-a-l2__baseline-b-l3__judge-kimi-k2.6-thinking-explicitly-off__repeat-6
[judge-sensitivity] -> ok honnoji-decision__chosokabe__hosokawa_fujitaka__varied-a-l2__baseline-b-l3__judge-deepseek-r1-thinking-explicitly-on__repeat-4 81816ms
[judge-sensitivity] judge honnoji-decision__chosokabe__hosokawa_fujitaka__varied-a-l2__baseline-b-l3__judge-kimi-k2.6-thinking-explicitly-off__repeat-7
[judge-sensitivity] -> ok honnoji-decision__chosokabe__hosokawa_fujitaka__varied-a-l2__baseline-b-l3__judge-kimi-k2.7-code-thinking-always-on__repeat-1 67454ms
[judge-sensitivity] judge honnoji-decision__chosokabe__hosokawa_fujitaka__varied-a-l2__baseline-b-l3__judge-kimi-k2.6-thinking-explicitly-off__repeat-8
[judge-sensitivity] -> ok honnoji-decision__chosokabe__hosokawa_fujitaka__varied-a-l2__baseline-b-l3__judge-kimi-k2.6-thinking-explicitly-off__repeat-1 24137ms
[judge-sensitivity] judge honnoji-decision__chosokabe__hosokawa_fujitaka__varied-a-l2__baseline-b-l3__judge-kimi-k2.6-thinking-explicitly-off__repeat-9
[judge-sensitivity] -> ok honnoji-decision__chosokabe__hosokawa_fujitaka__varied-a-l2__baseline-b-l3__judge-kimi-k2.6-thinking-explicitly-off__repeat-2 23209ms
[judge-sensitivity] judge honnoji-decision__chosokabe__hosokawa_fujitaka__varied-a-l2__baseline-b-l3__judge-kimi-k2.6-thinking-explicitly-off__repeat-10
[judge-sensitivity] -> ok honnoji-decision__chosokabe__hosokawa_fujitaka__varied-a-l2__baseline-b-l3__judge-kimi-k2.6-thinking-explicitly-off__repeat-3 22137ms
[judge-sensitivity] judge honnoji-decision__chosokabe__hosokawa_fujitaka__varied-a-l2__baseline-b-l3__judge-qwen3.6-35b-a3b-thinking-explicitly-on__repeat-1
[judge-sensitivity] -> ok honnoji-decision__chosokabe__hosokawa_fujitaka__varied-a-l2__baseline-b-l3__judge-kimi-k2.7-code-thinking-always-on__repeat-4 76900ms
[judge-sensitivity] judge honnoji-decision__chosokabe__hosokawa_fujitaka__varied-a-l2__baseline-b-l3__judge-qwen3.6-35b-a3b-thinking-explicitly-on__repeat-2
[judge-sensitivity] -> ok honnoji-decision__chosokabe__hosokawa_fujitaka__varied-a-l2__baseline-b-l3__judge-kimi-k2.6-thinking-explicitly-off__repeat-4 20904ms
[judge-sensitivity] judge honnoji-decision__chosokabe__hosokawa_fujitaka__varied-a-l2__baseline-b-l3__judge-qwen3.6-35b-a3b-thinking-explicitly-on__repeat-3
[judge-sensitivity] -> ok honnoji-decision__chosokabe__hosokawa_fujitaka__varied-a-l2__baseline-b-l3__judge-kimi-k2.6-thinking-explicitly-off__repeat-6 20297ms
[judge-sensitivity] judge honnoji-decision__chosokabe__hosokawa_fujitaka__varied-a-l2__baseline-b-l3__judge-qwen3.6-35b-a3b-thinking-explicitly-on__repeat-4
[judge-sensitivity] -> ok honnoji-decision__chosokabe__hosokawa_fujitaka__varied-a-l2__baseline-b-l3__judge-kimi-k2.7-code-thinking-always-on__repeat-7 81928ms
[judge-sensitivity] judge honnoji-decision__chosokabe__hosokawa_fujitaka__varied-a-l2__baseline-b-l3__judge-qwen3.6-35b-a3b-thinking-explicitly-on__repeat-5
[judge-sensitivity] -> ok honnoji-decision__chosokabe__hosokawa_fujitaka__varied-a-l2__baseline-b-l3__judge-kimi-k2.7-code-thinking-always-on__repeat-3 88225ms
[judge-sensitivity] judge honnoji-decision__chosokabe__hosokawa_fujitaka__varied-a-l2__baseline-b-l3__judge-qwen3.6-35b-a3b-thinking-explicitly-on__repeat-6
[judge-sensitivity] -> ok honnoji-decision__chosokabe__hosokawa_fujitaka__varied-a-l2__baseline-b-l3__judge-kimi-k2.6-thinking-explicitly-off__repeat-7 24156ms
[judge-sensitivity] judge honnoji-decision__chosokabe__hosokawa_fujitaka__varied-a-l2__baseline-b-l3__judge-qwen3.6-35b-a3b-thinking-explicitly-on__repeat-7
[judge-sensitivity] -> ok honnoji-decision__chosokabe__hosokawa_fujitaka__varied-a-l2__baseline-b-l3__judge-kimi-k2.6-thinking-explicitly-off__repeat-8 22713ms
[judge-sensitivity] judge honnoji-decision__chosokabe__hosokawa_fujitaka__varied-a-l2__baseline-b-l3__judge-qwen3.6-35b-a3b-thinking-explicitly-on__repeat-8
[judge-sensitivity] -> ok honnoji-decision__chosokabe__hosokawa_fujitaka__varied-a-l2__baseline-b-l3__judge-kimi-k2.6-thinking-explicitly-off__repeat-10 15675ms
[judge-sensitivity] judge honnoji-decision__chosokabe__hosokawa_fujitaka__varied-a-l2__baseline-b-l3__judge-qwen3.6-35b-a3b-thinking-explicitly-on__repeat-9
[judge-sensitivity] -> ok honnoji-decision__chosokabe__hosokawa_fujitaka__varied-a-l2__baseline-b-l3__judge-kimi-k2.7-code-thinking-always-on__repeat-8 89701ms
[judge-sensitivity] judge honnoji-decision__chosokabe__hosokawa_fujitaka__varied-a-l2__baseline-b-l3__judge-qwen3.6-35b-a3b-thinking-explicitly-on__repeat-10
[judge-sensitivity] -> ok honnoji-decision__chosokabe__hosokawa_fujitaka__varied-a-l2__baseline-b-l3__judge-kimi-k2.6-thinking-explicitly-off__repeat-9 25196ms
[judge-sensitivity] judge honnoji-decision__chosokabe__hosokawa_fujitaka__varied-a-l2__baseline-b-l3__judge-qwen3.6-35b-a3b-thinking-explicitly-off__repeat-1
[judge-sensitivity] -> ok honnoji-decision__chosokabe__hosokawa_fujitaka__varied-a-l2__baseline-b-l3__judge-kimi-k2.6-thinking-explicitly-off__repeat-5 35406ms
[judge-sensitivity] judge honnoji-decision__chosokabe__hosokawa_fujitaka__varied-a-l2__baseline-b-l3__judge-qwen3.6-35b-a3b-thinking-explicitly-off__repeat-2
[judge-sensitivity] -> ok honnoji-decision__chosokabe__hosokawa_fujitaka__varied-a-l2__baseline-b-l3__judge-qwen3.6-35b-a3b-thinking-explicitly-off__repeat-1 6659ms
[judge-sensitivity] judge honnoji-decision__chosokabe__hosokawa_fujitaka__varied-a-l2__baseline-b-l3__judge-qwen3.6-35b-a3b-thinking-explicitly-off__repeat-3
[judge-sensitivity] -> ok honnoji-decision__chosokabe__hosokawa_fujitaka__varied-a-l2__baseline-b-l3__judge-deepseek-v4-flash-thinking-explicitly-on__repeat-8 175275ms
[judge-sensitivity] judge honnoji-decision__chosokabe__hosokawa_fujitaka__varied-a-l2__baseline-b-l3__judge-qwen3.6-35b-a3b-thinking-explicitly-off__repeat-4
[judge-sensitivity] -> ok honnoji-decision__chosokabe__hosokawa_fujitaka__varied-a-l2__baseline-b-l3__judge-qwen3.6-35b-a3b-thinking-explicitly-off__repeat-2 11226ms
[judge-sensitivity] judge honnoji-decision__chosokabe__hosokawa_fujitaka__varied-a-l2__baseline-b-l3__judge-qwen3.6-35b-a3b-thinking-explicitly-off__repeat-5
[judge-sensitivity] -> ok honnoji-decision__chosokabe__hosokawa_fujitaka__varied-a-l2__baseline-b-l3__judge-qwen3.6-35b-a3b-thinking-explicitly-off__repeat-4 8484ms
[judge-sensitivity] judge honnoji-decision__chosokabe__hosokawa_fujitaka__varied-a-l2__baseline-b-l3__judge-qwen3.6-35b-a3b-thinking-explicitly-off__repeat-6
[judge-sensitivity] -> ok honnoji-decision__chosokabe__hosokawa_fujitaka__varied-a-l2__baseline-b-l3__judge-deepseek-v4-flash-thinking-explicitly-on__repeat-2 189212ms
[judge-sensitivity] judge honnoji-decision__chosokabe__hosokawa_fujitaka__varied-a-l2__baseline-b-l3__judge-qwen3.6-35b-a3b-thinking-explicitly-off__repeat-7
[judge-sensitivity] -> ok honnoji-decision__chosokabe__hosokawa_fujitaka__varied-a-l2__baseline-b-l3__judge-qwen3.6-35b-a3b-thinking-explicitly-off__repeat-3 10184ms
[judge-sensitivity] judge honnoji-decision__chosokabe__hosokawa_fujitaka__varied-a-l2__baseline-b-l3__judge-qwen3.6-35b-a3b-thinking-explicitly-off__repeat-8
[judge-sensitivity] -> ok honnoji-decision__chosokabe__hosokawa_fujitaka__varied-a-l2__baseline-b-l3__judge-qwen3.6-35b-a3b-thinking-explicitly-off__repeat-5 6972ms
[judge-sensitivity] judge honnoji-decision__chosokabe__hosokawa_fujitaka__varied-a-l2__baseline-b-l3__judge-qwen3.6-35b-a3b-thinking-explicitly-off__repeat-9
[judge-sensitivity] -> ok honnoji-decision__chosokabe__hosokawa_fujitaka__varied-a-l2__baseline-b-l3__judge-deepseek-v4-flash-thinking-explicitly-on__repeat-10 184881ms
[judge-sensitivity] judge honnoji-decision__chosokabe__hosokawa_fujitaka__varied-a-l2__baseline-b-l3__judge-qwen3.6-35b-a3b-thinking-explicitly-off__repeat-10
[judge-sensitivity] -> ok honnoji-decision__chosokabe__hosokawa_fujitaka__varied-a-l2__baseline-b-l3__judge-kimi-k2.7-code-thinking-always-on__repeat-2 116202ms
[judge-sensitivity] judge honnoji-decision__chosokabe__hosokawa_fujitaka__varied-a-l2__baseline-b-l3__judge-qwen3.6-27b-thinking-explicitly-on__repeat-1
[judge-sensitivity] -> ok honnoji-decision__chosokabe__hosokawa_fujitaka__varied-a-l2__baseline-b-l3__judge-qwen3.6-35b-a3b-thinking-explicitly-off__repeat-6 8631ms
[judge-sensitivity] judge honnoji-decision__chosokabe__hosokawa_fujitaka__varied-a-l2__baseline-b-l3__judge-qwen3.6-27b-thinking-explicitly-on__repeat-2
[judge-sensitivity] -> ok honnoji-decision__chosokabe__hosokawa_fujitaka__varied-a-l2__baseline-b-l3__judge-kimi-k2.7-code-thinking-always-on__repeat-5 117421ms
[judge-sensitivity] judge honnoji-decision__chosokabe__hosokawa_fujitaka__varied-a-l2__baseline-b-l3__judge-qwen3.6-27b-thinking-explicitly-on__repeat-3
[judge-sensitivity] -> ok honnoji-decision__chosokabe__hosokawa_fujitaka__varied-a-l2__baseline-b-l3__judge-qwen3.6-35b-a3b-thinking-explicitly-off__repeat-7 9926ms
[judge-sensitivity] judge honnoji-decision__chosokabe__hosokawa_fujitaka__varied-a-l2__baseline-b-l3__judge-qwen3.6-27b-thinking-explicitly-on__repeat-4
[judge-sensitivity] -> ok honnoji-decision__chosokabe__hosokawa_fujitaka__varied-a-l2__baseline-b-l3__judge-qwen3.6-35b-a3b-thinking-explicitly-off__repeat-9 8378ms
[judge-sensitivity] judge honnoji-decision__chosokabe__hosokawa_fujitaka__varied-a-l2__baseline-b-l3__judge-qwen3.6-27b-thinking-explicitly-on__repeat-5
[judge-sensitivity] -> ok honnoji-decision__chosokabe__hosokawa_fujitaka__varied-a-l2__baseline-b-l3__judge-qwen3.6-35b-a3b-thinking-explicitly-off__repeat-8 10459ms
[judge-sensitivity] judge honnoji-decision__chosokabe__hosokawa_fujitaka__varied-a-l2__baseline-b-l3__judge-qwen3.6-27b-thinking-explicitly-on__repeat-6
[judge-sensitivity] -> ok honnoji-decision__chosokabe__hosokawa_fujitaka__varied-a-l2__baseline-b-l3__judge-kimi-k2.7-code-thinking-always-on__repeat-9 117470ms
[judge-sensitivity] judge honnoji-decision__chosokabe__hosokawa_fujitaka__varied-a-l2__baseline-b-l3__judge-qwen3.6-27b-thinking-explicitly-on__repeat-7
[judge-sensitivity] -> ok honnoji-decision__chosokabe__hosokawa_fujitaka__varied-a-l2__baseline-b-l3__judge-kimi-k2.7-code-thinking-always-on__repeat-10 117535ms
[judge-sensitivity] judge honnoji-decision__chosokabe__hosokawa_fujitaka__varied-a-l2__baseline-b-l3__judge-qwen3.6-27b-thinking-explicitly-on__repeat-8
[judge-sensitivity] -> ok honnoji-decision__chosokabe__hosokawa_fujitaka__varied-a-l2__baseline-b-l3__judge-qwen3.6-35b-a3b-thinking-explicitly-off__repeat-10 12461ms
[judge-sensitivity] judge honnoji-decision__chosokabe__hosokawa_fujitaka__varied-a-l2__baseline-b-l3__judge-qwen3.6-27b-thinking-explicitly-on__repeat-9
[judge-sensitivity] -> ok honnoji-decision__chosokabe__hosokawa_fujitaka__varied-a-l2__baseline-b-l3__judge-kimi-k2.6-thinking-explicitly-on__repeat-7 110767ms
[judge-sensitivity] judge honnoji-decision__chosokabe__hosokawa_fujitaka__varied-a-l2__baseline-b-l3__judge-qwen3.6-27b-thinking-explicitly-on__repeat-10
[judge-sensitivity] -> ok honnoji-decision__chosokabe__hosokawa_fujitaka__varied-a-l2__baseline-b-l3__judge-qwen3.6-35b-a3b-thinking-explicitly-on__repeat-6 60658ms
[judge-sensitivity] judge honnoji-decision__chosokabe__hosokawa_fujitaka__varied-a-l2__baseline-b-l3__judge-qwen3.6-27b-thinking-explicitly-off__repeat-1
[judge-sensitivity] -> ok honnoji-decision__chosokabe__hosokawa_fujitaka__varied-a-l2__baseline-b-l3__judge-kimi-k2.6-thinking-explicitly-on__repeat-8 115559ms
[judge-sensitivity] judge honnoji-decision__chosokabe__hosokawa_fujitaka__varied-a-l2__baseline-b-l3__judge-qwen3.6-27b-thinking-explicitly-off__repeat-2
[judge-sensitivity] -> ok honnoji-decision__chosokabe__hosokawa_fujitaka__varied-a-l2__baseline-b-l3__judge-kimi-k2.6-thinking-explicitly-on__repeat-3 139565ms
[judge-sensitivity] judge honnoji-decision__chosokabe__hosokawa_fujitaka__varied-a-l2__baseline-b-l3__judge-qwen3.6-27b-thinking-explicitly-off__repeat-3
[judge-sensitivity] -> ok honnoji-decision__chosokabe__hosokawa_fujitaka__varied-a-l2__baseline-b-l3__judge-kimi-k2.6-thinking-explicitly-on__repeat-10 107868ms
[judge-sensitivity] judge honnoji-decision__chosokabe__hosokawa_fujitaka__varied-a-l2__baseline-b-l3__judge-qwen3.6-27b-thinking-explicitly-off__repeat-4
[judge-sensitivity] -> ok honnoji-decision__chosokabe__hosokawa_fujitaka__varied-a-l2__baseline-b-l3__judge-kimi-k2.6-thinking-explicitly-on__repeat-4 145351ms
[judge-sensitivity] judge honnoji-decision__chosokabe__hosokawa_fujitaka__varied-a-l2__baseline-b-l3__judge-qwen3.6-27b-thinking-explicitly-off__repeat-5
[judge-sensitivity] -> ok honnoji-decision__chosokabe__hosokawa_fujitaka__varied-a-l2__baseline-b-l3__judge-qwen3.6-27b-thinking-explicitly-off__repeat-1 12338ms
[judge-sensitivity] judge honnoji-decision__chosokabe__hosokawa_fujitaka__varied-a-l2__baseline-b-l3__judge-qwen3.6-27b-thinking-explicitly-off__repeat-6
[judge-sensitivity] -> ok honnoji-decision__chosokabe__hosokawa_fujitaka__varied-a-l2__baseline-b-l3__judge-qwen3.6-35b-a3b-thinking-explicitly-on__repeat-3 81296ms
[judge-sensitivity] judge honnoji-decision__chosokabe__hosokawa_fujitaka__varied-a-l2__baseline-b-l3__judge-qwen3.6-27b-thinking-explicitly-off__repeat-7
[judge-sensitivity] -> ok honnoji-decision__chosokabe__hosokawa_fujitaka__varied-a-l2__baseline-b-l3__judge-kimi-k2.6-thinking-explicitly-on__repeat-2 153002ms
[judge-sensitivity] judge honnoji-decision__chosokabe__hosokawa_fujitaka__varied-a-l2__baseline-b-l3__judge-qwen3.6-27b-thinking-explicitly-off__repeat-8
[judge-sensitivity] -> ok honnoji-decision__chosokabe__hosokawa_fujitaka__varied-a-l2__baseline-b-l3__judge-kimi-k2.6-thinking-explicitly-on__repeat-9 126198ms
[judge-sensitivity] judge honnoji-decision__chosokabe__hosokawa_fujitaka__varied-a-l2__baseline-b-l3__judge-qwen3.6-27b-thinking-explicitly-off__repeat-9
[judge-sensitivity] -> ok honnoji-decision__chosokabe__hosokawa_fujitaka__varied-a-l2__baseline-b-l3__judge-qwen3.6-35b-a3b-thinking-explicitly-on__repeat-5 82214ms
[judge-sensitivity] judge honnoji-decision__chosokabe__hosokawa_fujitaka__varied-a-l2__baseline-b-l3__judge-qwen3.6-27b-thinking-explicitly-off__repeat-10
[judge-sensitivity] -> ok honnoji-decision__chosokabe__hosokawa_fujitaka__varied-a-l2__baseline-b-l3__judge-qwen3.6-27b-thinking-explicitly-off__repeat-5 11706ms
[judge-sensitivity] judge honnoji-decision__chosokabe__hosokawa_fujitaka__varied-a-l2__baseline-b-l3__judge-qwen3.5-397b-thinking-explicitly-on__repeat-1
[judge-sensitivity] -> ok honnoji-decision__chosokabe__hosokawa_fujitaka__varied-a-l2__baseline-b-l3__judge-qwen3.6-27b-thinking-explicitly-off__repeat-3 21180ms
[judge-sensitivity] judge honnoji-decision__chosokabe__hosokawa_fujitaka__varied-a-l2__baseline-b-l3__judge-qwen3.5-397b-thinking-explicitly-on__repeat-2
[judge-sensitivity] -> ok honnoji-decision__chosokabe__hosokawa_fujitaka__varied-a-l2__baseline-b-l3__judge-kimi-k2.6-thinking-explicitly-on__repeat-6 148171ms
[judge-sensitivity] judge honnoji-decision__chosokabe__hosokawa_fujitaka__varied-a-l2__baseline-b-l3__judge-qwen3.5-397b-thinking-explicitly-on__repeat-3
[judge-sensitivity] -> ok honnoji-decision__chosokabe__hosokawa_fujitaka__varied-a-l2__baseline-b-l3__judge-qwen3.6-27b-thinking-explicitly-off__repeat-2 23684ms
[judge-sensitivity] judge honnoji-decision__chosokabe__hosokawa_fujitaka__varied-a-l2__baseline-b-l3__judge-qwen3.5-397b-thinking-explicitly-on__repeat-4
[judge-sensitivity] -> ok honnoji-decision__chosokabe__hosokawa_fujitaka__varied-a-l2__baseline-b-l3__judge-kimi-k2.6-thinking-explicitly-on__repeat-1 165978ms
[judge-sensitivity] judge honnoji-decision__chosokabe__hosokawa_fujitaka__varied-a-l2__baseline-b-l3__judge-qwen3.5-397b-thinking-explicitly-on__repeat-5
[judge-sensitivity] -> ok honnoji-decision__chosokabe__hosokawa_fujitaka__varied-a-l2__baseline-b-l3__judge-qwen3.6-35b-a3b-thinking-explicitly-on__repeat-2 95073ms
[judge-sensitivity] judge honnoji-decision__chosokabe__hosokawa_fujitaka__varied-a-l2__baseline-b-l3__judge-qwen3.5-397b-thinking-explicitly-on__repeat-6
[judge-sensitivity] -> ok honnoji-decision__chosokabe__hosokawa_fujitaka__varied-a-l2__baseline-b-l3__judge-qwen3.6-27b-thinking-explicitly-off__repeat-4 22810ms
[judge-sensitivity] judge honnoji-decision__chosokabe__hosokawa_fujitaka__varied-a-l2__baseline-b-l3__judge-qwen3.5-397b-thinking-explicitly-on__repeat-7
[judge-sensitivity] -> ok honnoji-decision__chosokabe__hosokawa_fujitaka__varied-a-l2__baseline-b-l3__judge-kimi-k2.6-thinking-explicitly-on__repeat-5 153936ms
[judge-sensitivity] judge honnoji-decision__chosokabe__hosokawa_fujitaka__varied-a-l2__baseline-b-l3__judge-qwen3.5-397b-thinking-explicitly-on__repeat-8
[judge-sensitivity] -> ok honnoji-decision__chosokabe__hosokawa_fujitaka__varied-a-l2__baseline-b-l3__judge-qwen3.6-35b-a3b-thinking-explicitly-on__repeat-10 80042ms
[judge-sensitivity] judge honnoji-decision__chosokabe__hosokawa_fujitaka__varied-a-l2__baseline-b-l3__judge-qwen3.5-397b-thinking-explicitly-on__repeat-9
[judge-sensitivity] -> ok honnoji-decision__chosokabe__hosokawa_fujitaka__varied-a-l2__baseline-b-l3__judge-qwen3.6-27b-thinking-explicitly-off__repeat-8 14406ms
[judge-sensitivity] judge honnoji-decision__chosokabe__hosokawa_fujitaka__varied-a-l2__baseline-b-l3__judge-qwen3.5-397b-thinking-explicitly-on__repeat-10
[judge-sensitivity] -> ok honnoji-decision__chosokabe__hosokawa_fujitaka__varied-a-l2__baseline-b-l3__judge-qwen3.6-27b-thinking-explicitly-off__repeat-7 18464ms
[judge-sensitivity] judge honnoji-decision__chosokabe__hosokawa_fujitaka__varied-a-l2__baseline-b-l3__judge-qwen3.5-397b-thinking-explicitly-off__repeat-1
[judge-sensitivity] -> ok honnoji-decision__chosokabe__hosokawa_fujitaka__varied-a-l2__baseline-b-l3__judge-qwen3.6-35b-a3b-thinking-explicitly-on__repeat-9 95013ms
[judge-sensitivity] judge honnoji-decision__chosokabe__hosokawa_fujitaka__varied-a-l2__baseline-b-l3__judge-qwen3.5-397b-thinking-explicitly-off__repeat-2
[judge-sensitivity] -> ok honnoji-decision__chosokabe__hosokawa_fujitaka__varied-a-l2__baseline-b-l3__judge-qwen3.5-397b-thinking-explicitly-off__repeat-1 7116ms
[judge-sensitivity] judge honnoji-decision__chosokabe__hosokawa_fujitaka__varied-a-l2__baseline-b-l3__judge-qwen3.5-397b-thinking-explicitly-off__repeat-3
[judge-sensitivity] -> ok honnoji-decision__chosokabe__hosokawa_fujitaka__varied-a-l2__baseline-b-l3__judge-qwen3.5-397b-thinking-explicitly-off__repeat-2 5767ms
[judge-sensitivity] judge honnoji-decision__chosokabe__hosokawa_fujitaka__varied-a-l2__baseline-b-l3__judge-qwen3.5-397b-thinking-explicitly-off__repeat-4
[judge-sensitivity] -> ok honnoji-decision__chosokabe__hosokawa_fujitaka__varied-a-l2__baseline-b-l3__judge-qwen3.6-27b-thinking-explicitly-off__repeat-6 29306ms
[judge-sensitivity] judge honnoji-decision__chosokabe__hosokawa_fujitaka__varied-a-l2__baseline-b-l3__judge-qwen3.5-397b-thinking-explicitly-off__repeat-5
[judge-sensitivity] -> ok honnoji-decision__chosokabe__hosokawa_fujitaka__varied-a-l2__baseline-b-l3__judge-qwen3.5-397b-thinking-explicitly-off__repeat-3 6572ms
[judge-sensitivity] judge honnoji-decision__chosokabe__hosokawa_fujitaka__varied-a-l2__baseline-b-l3__judge-qwen3.5-397b-thinking-explicitly-off__repeat-6
[judge-sensitivity] -> ok honnoji-decision__chosokabe__hosokawa_fujitaka__varied-a-l2__baseline-b-l3__judge-qwen3.6-27b-thinking-explicitly-off__repeat-9 27662ms
[judge-sensitivity] judge honnoji-decision__chosokabe__hosokawa_fujitaka__varied-a-l2__baseline-b-l3__judge-qwen3.5-397b-thinking-explicitly-off__repeat-7
[judge-sensitivity] -> ok honnoji-decision__chosokabe__hosokawa_fujitaka__varied-a-l2__baseline-b-l3__judge-qwen3.5-397b-thinking-explicitly-off__repeat-4 5953ms
[judge-sensitivity] judge honnoji-decision__chosokabe__hosokawa_fujitaka__varied-a-l2__baseline-b-l3__judge-qwen3.5-397b-thinking-explicitly-off__repeat-8
[judge-sensitivity] -> ok honnoji-decision__chosokabe__hosokawa_fujitaka__varied-a-l2__baseline-b-l3__judge-qwen3.5-397b-thinking-explicitly-off__repeat-5 5977ms
[judge-sensitivity] judge honnoji-decision__chosokabe__hosokawa_fujitaka__varied-a-l2__baseline-b-l3__judge-qwen3.5-397b-thinking-explicitly-off__repeat-9
[judge-sensitivity] -> ok honnoji-decision__chosokabe__hosokawa_fujitaka__varied-a-l2__baseline-b-l3__judge-qwen3.6-27b-thinking-explicitly-off__repeat-10 27794ms
[judge-sensitivity] judge honnoji-decision__chosokabe__hosokawa_fujitaka__varied-a-l2__baseline-b-l3__judge-qwen3.5-397b-thinking-explicitly-off__repeat-10
[judge-sensitivity] -> ok honnoji-decision__chosokabe__hosokawa_fujitaka__varied-a-l2__baseline-b-l3__judge-qwen3.5-397b-thinking-explicitly-off__repeat-6 8542ms
[judge-sensitivity] judge honnoji-decision__chosokabe__hosokawa_fujitaka__varied-a-l2__baseline-b-l3__judge-glm-5.2-thinking-explicitly-on__repeat-1
[judge-sensitivity] -> ok honnoji-decision__chosokabe__hosokawa_fujitaka__varied-a-l2__baseline-b-l3__judge-qwen3.5-397b-thinking-explicitly-off__repeat-8 6556ms
[judge-sensitivity] judge honnoji-decision__chosokabe__hosokawa_fujitaka__varied-a-l2__baseline-b-l3__judge-glm-5.2-thinking-explicitly-on__repeat-2
[judge-sensitivity] -> ok honnoji-decision__chosokabe__hosokawa_fujitaka__varied-a-l2__baseline-b-l3__judge-qwen3.5-397b-thinking-explicitly-off__repeat-7 8218ms
[judge-sensitivity] judge honnoji-decision__chosokabe__hosokawa_fujitaka__varied-a-l2__baseline-b-l3__judge-glm-5.2-thinking-explicitly-on__repeat-3
[judge-sensitivity] -> ok honnoji-decision__chosokabe__hosokawa_fujitaka__varied-a-l2__baseline-b-l3__judge-qwen3.5-397b-thinking-explicitly-off__repeat-9 6766ms
[judge-sensitivity] judge honnoji-decision__chosokabe__hosokawa_fujitaka__varied-a-l2__baseline-b-l3__judge-glm-5.2-thinking-explicitly-on__repeat-4
[judge-sensitivity] -> ok honnoji-decision__chosokabe__hosokawa_fujitaka__varied-a-l2__baseline-b-l3__judge-qwen3.5-397b-thinking-explicitly-off__repeat-10 5666ms
[judge-sensitivity] judge honnoji-decision__chosokabe__hosokawa_fujitaka__varied-a-l2__baseline-b-l3__judge-glm-5.2-thinking-explicitly-on__repeat-5
[judge-sensitivity] -> ok honnoji-decision__chosokabe__hosokawa_fujitaka__varied-a-l2__baseline-b-l3__judge-qwen3.6-27b-thinking-explicitly-on__repeat-4 85208ms
[judge-sensitivity] judge honnoji-decision__chosokabe__hosokawa_fujitaka__varied-a-l2__baseline-b-l3__judge-glm-5.2-thinking-explicitly-on__repeat-6
[judge-sensitivity] -> ok honnoji-decision__chosokabe__hosokawa_fujitaka__varied-a-l2__baseline-b-l3__judge-qwen3.5-397b-thinking-explicitly-on__repeat-5 45899ms
[judge-sensitivity] judge honnoji-decision__chosokabe__hosokawa_fujitaka__varied-a-l2__baseline-b-l3__judge-glm-5.2-thinking-explicitly-on__repeat-7
[judge-sensitivity] -> ok honnoji-decision__chosokabe__hosokawa_fujitaka__varied-a-l2__baseline-b-l3__judge-qwen3.5-397b-thinking-explicitly-on__repeat-2 51322ms
[judge-sensitivity] judge honnoji-decision__chosokabe__hosokawa_fujitaka__varied-a-l2__baseline-b-l3__judge-glm-5.2-thinking-explicitly-on__repeat-8
[judge-sensitivity] -> ok honnoji-decision__chosokabe__hosokawa_fujitaka__varied-a-l2__baseline-b-l3__judge-qwen3.5-397b-thinking-explicitly-on__repeat-8 49351ms
[judge-sensitivity] judge honnoji-decision__chosokabe__hosokawa_fujitaka__varied-a-l2__baseline-b-l3__judge-glm-5.2-thinking-explicitly-on__repeat-9
[judge-sensitivity] -> ok honnoji-decision__chosokabe__hosokawa_fujitaka__varied-a-l2__baseline-b-l3__judge-qwen3.5-397b-thinking-explicitly-on__repeat-1 53637ms
[judge-sensitivity] judge honnoji-decision__chosokabe__hosokawa_fujitaka__varied-a-l2__baseline-b-l3__judge-glm-5.2-thinking-explicitly-on__repeat-10
[judge-sensitivity] -> ok honnoji-decision__chosokabe__hosokawa_fujitaka__varied-a-l2__baseline-b-l3__judge-qwen3.5-397b-thinking-explicitly-on__repeat-4 52832ms
[judge-sensitivity] judge honnoji-decision__chosokabe__hosokawa_fujitaka__varied-a-l2__baseline-b-l3__judge-glm-5.2-thinking-explicitly-off__repeat-1
[judge-sensitivity] -> ok honnoji-decision__chosokabe__hosokawa_fujitaka__varied-a-l2__baseline-b-l3__judge-qwen3.5-397b-thinking-explicitly-on__repeat-9 50934ms
[judge-sensitivity] judge honnoji-decision__chosokabe__hosokawa_fujitaka__varied-a-l2__baseline-b-l3__judge-glm-5.2-thinking-explicitly-off__repeat-2
[judge-sensitivity] -> ok honnoji-decision__chosokabe__hosokawa_fujitaka__varied-a-l2__baseline-b-l3__judge-qwen3.5-397b-thinking-explicitly-on__repeat-6 54833ms
[judge-sensitivity] judge honnoji-decision__chosokabe__hosokawa_fujitaka__varied-a-l2__baseline-b-l3__judge-glm-5.2-thinking-explicitly-off__repeat-3
[judge-sensitivity] -> ok honnoji-decision__chosokabe__hosokawa_fujitaka__varied-a-l2__baseline-b-l3__judge-qwen3.5-397b-thinking-explicitly-on__repeat-10 56022ms
[judge-sensitivity] judge honnoji-decision__chosokabe__hosokawa_fujitaka__varied-a-l2__baseline-b-l3__judge-glm-5.2-thinking-explicitly-off__repeat-4
[judge-sensitivity] -> ok honnoji-decision__chosokabe__hosokawa_fujitaka__varied-a-l2__baseline-b-l3__judge-qwen3.6-35b-a3b-thinking-explicitly-on__repeat-4 154137ms
[judge-sensitivity] judge honnoji-decision__chosokabe__hosokawa_fujitaka__varied-a-l2__baseline-b-l3__judge-glm-5.2-thinking-explicitly-off__repeat-5
[judge-sensitivity] -> ok honnoji-decision__chosokabe__hosokawa_fujitaka__varied-a-l2__baseline-b-l3__judge-qwen3.5-397b-thinking-explicitly-on__repeat-7 62952ms
[judge-sensitivity] judge honnoji-decision__chosokabe__hosokawa_fujitaka__varied-a-l2__baseline-b-l3__judge-glm-5.2-thinking-explicitly-off__repeat-6
[judge-sensitivity] -> ok honnoji-decision__chosokabe__hosokawa_fujitaka__varied-a-l2__baseline-b-l3__judge-qwen3.6-27b-thinking-explicitly-on__repeat-10 97367ms
[judge-sensitivity] judge honnoji-decision__chosokabe__hosokawa_fujitaka__varied-a-l2__baseline-b-l3__judge-glm-5.2-thinking-explicitly-off__repeat-7
[judge-sensitivity] -> ok honnoji-decision__chosokabe__hosokawa_fujitaka__varied-a-l2__baseline-b-l3__judge-qwen3.5-397b-thinking-explicitly-on__repeat-3 67249ms
[judge-sensitivity] judge honnoji-decision__chosokabe__hosokawa_fujitaka__varied-a-l2__baseline-b-l3__judge-glm-5.2-thinking-explicitly-off__repeat-8
[judge-sensitivity] -> ok honnoji-decision__chosokabe__hosokawa_fujitaka__varied-a-l2__baseline-b-l3__judge-qwen3.6-27b-thinking-explicitly-on__repeat-9 112817ms
[judge-sensitivity] judge honnoji-decision__chosokabe__hosokawa_fujitaka__varied-a-l2__baseline-b-l3__judge-glm-5.2-thinking-explicitly-off__repeat-9
[judge-sensitivity] -> ok honnoji-decision__chosokabe__hosokawa_fujitaka__varied-a-l2__baseline-b-l3__judge-qwen3.6-27b-thinking-explicitly-on__repeat-7 117541ms
[judge-sensitivity] judge honnoji-decision__chosokabe__hosokawa_fujitaka__varied-a-l2__baseline-b-l3__judge-glm-5.2-thinking-explicitly-off__repeat-10
[judge-sensitivity] -> ok honnoji-decision__chosokabe__hosokawa_fujitaka__varied-a-l2__baseline-b-l3__judge-glm-5.2-thinking-explicitly-off__repeat-2 15987ms
[judge-sensitivity] judge honnoji-decision__chosokabe__hosokawa_fujitaka__varied-a-l2__baseline-b-l3__judge-glm-5.1-thinking-explicitly-on__repeat-1
[judge-sensitivity] -> ok honnoji-decision__chosokabe__hosokawa_fujitaka__varied-a-l2__baseline-b-l3__judge-qwen3.6-27b-thinking-explicitly-on__repeat-1 130809ms
[judge-sensitivity] judge honnoji-decision__chosokabe__hosokawa_fujitaka__varied-a-l2__baseline-b-l3__judge-glm-5.1-thinking-explicitly-on__repeat-2
[judge-sensitivity] -> ok honnoji-decision__chosokabe__hosokawa_fujitaka__varied-a-l2__baseline-b-l3__judge-glm-5.2-thinking-explicitly-off__repeat-3 20017ms
[judge-sensitivity] judge honnoji-decision__chosokabe__hosokawa_fujitaka__varied-a-l2__baseline-b-l3__judge-glm-5.1-thinking-explicitly-on__repeat-3
[judge-sensitivity] -> ok honnoji-decision__chosokabe__hosokawa_fujitaka__varied-a-l2__baseline-b-l3__judge-glm-5.2-thinking-explicitly-off__repeat-1 23548ms
[judge-sensitivity] judge honnoji-decision__chosokabe__hosokawa_fujitaka__varied-a-l2__baseline-b-l3__judge-glm-5.1-thinking-explicitly-on__repeat-4
[judge-sensitivity] -> ok honnoji-decision__chosokabe__hosokawa_fujitaka__varied-a-l2__baseline-b-l3__judge-qwen3.6-35b-a3b-thinking-explicitly-on__repeat-7 161591ms
[judge-sensitivity] judge honnoji-decision__chosokabe__hosokawa_fujitaka__varied-a-l2__baseline-b-l3__judge-glm-5.1-thinking-explicitly-on__repeat-5
[judge-sensitivity] -> ok honnoji-decision__chosokabe__hosokawa_fujitaka__varied-a-l2__baseline-b-l3__judge-glm-5.2-thinking-explicitly-off__repeat-5 16906ms
[judge-sensitivity] judge honnoji-decision__chosokabe__hosokawa_fujitaka__varied-a-l2__baseline-b-l3__judge-glm-5.1-thinking-explicitly-on__repeat-6
[judge-sensitivity] -> ok honnoji-decision__chosokabe__hosokawa_fujitaka__varied-a-l2__baseline-b-l3__judge-glm-5.2-thinking-explicitly-off__repeat-4 19972ms
[judge-sensitivity] judge honnoji-decision__chosokabe__hosokawa_fujitaka__varied-a-l2__baseline-b-l3__judge-glm-5.1-thinking-explicitly-on__repeat-7
[judge-sensitivity] -> ok honnoji-decision__chosokabe__hosokawa_fujitaka__varied-a-l2__baseline-b-l3__judge-qwen3.6-35b-a3b-thinking-explicitly-on__repeat-1 179790ms
[judge-sensitivity] judge honnoji-decision__chosokabe__hosokawa_fujitaka__varied-a-l2__baseline-b-l3__judge-glm-5.1-thinking-explicitly-on__repeat-8
[judge-sensitivity] -> ok honnoji-decision__chosokabe__hosokawa_fujitaka__varied-a-l2__baseline-b-l3__judge-qwen3.6-35b-a3b-thinking-explicitly-on__repeat-8 166648ms
[judge-sensitivity] judge honnoji-decision__chosokabe__hosokawa_fujitaka__varied-a-l2__baseline-b-l3__judge-glm-5.1-thinking-explicitly-on__repeat-9
[judge-sensitivity] -> ok honnoji-decision__chosokabe__hosokawa_fujitaka__varied-a-l2__baseline-b-l3__judge-glm-5.2-thinking-explicitly-off__repeat-9 15202ms
[judge-sensitivity] judge honnoji-decision__chosokabe__hosokawa_fujitaka__varied-a-l2__baseline-b-l3__judge-glm-5.1-thinking-explicitly-on__repeat-10
[judge-sensitivity] -> ok honnoji-decision__chosokabe__hosokawa_fujitaka__varied-a-l2__baseline-b-l3__judge-glm-5.2-thinking-explicitly-off__repeat-6 18388ms
[judge-sensitivity] judge honnoji-decision__chosokabe__hosokawa_fujitaka__varied-a-l2__baseline-b-l3__judge-glm-5.1-thinking-explicitly-off__repeat-1
[judge-sensitivity] -> ok honnoji-decision__chosokabe__hosokawa_fujitaka__varied-a-l2__baseline-b-l3__judge-glm-5.2-thinking-explicitly-off__repeat-8 17816ms
[judge-sensitivity] judge honnoji-decision__chosokabe__hosokawa_fujitaka__varied-a-l2__baseline-b-l3__judge-glm-5.1-thinking-explicitly-off__repeat-2
[judge-sensitivity] -> ok honnoji-decision__chosokabe__hosokawa_fujitaka__varied-a-l2__baseline-b-l3__judge-glm-5.2-thinking-explicitly-off__repeat-7 17828ms
[judge-sensitivity] judge honnoji-decision__chosokabe__hosokawa_fujitaka__varied-a-l2__baseline-b-l3__judge-glm-5.1-thinking-explicitly-off__repeat-3
[judge-sensitivity] -> ok honnoji-decision__chosokabe__hosokawa_fujitaka__varied-a-l2__baseline-b-l3__judge-glm-5.2-thinking-explicitly-off__repeat-10 16951ms
[judge-sensitivity] judge honnoji-decision__chosokabe__hosokawa_fujitaka__varied-a-l2__baseline-b-l3__judge-glm-5.1-thinking-explicitly-off__repeat-4
[judge-sensitivity] -> ok honnoji-decision__chosokabe__hosokawa_fujitaka__varied-a-l2__baseline-b-l3__judge-glm-5.2-thinking-explicitly-on__repeat-1 64593ms
[judge-sensitivity] judge honnoji-decision__chosokabe__hosokawa_fujitaka__varied-a-l2__baseline-b-l3__judge-glm-5.1-thinking-explicitly-off__repeat-5
[judge-sensitivity] -> ok honnoji-decision__chosokabe__hosokawa_fujitaka__varied-a-l2__baseline-b-l3__judge-glm-5.1-thinking-explicitly-off__repeat-4 10390ms
[judge-sensitivity] judge honnoji-decision__chosokabe__hosokawa_fujitaka__varied-a-l2__baseline-b-l3__judge-glm-5.1-thinking-explicitly-off__repeat-6
[judge-sensitivity] -> ok honnoji-decision__chosokabe__hosokawa_fujitaka__varied-a-l2__baseline-b-l3__judge-glm-5.1-thinking-explicitly-off__repeat-1 13142ms
[judge-sensitivity] judge honnoji-decision__chosokabe__hosokawa_fujitaka__varied-a-l2__baseline-b-l3__judge-glm-5.1-thinking-explicitly-off__repeat-7
[judge-sensitivity] -> ok honnoji-decision__chosokabe__hosokawa_fujitaka__varied-a-l2__baseline-b-l3__judge-glm-5.1-thinking-explicitly-off__repeat-2 12249ms
[judge-sensitivity] judge honnoji-decision__chosokabe__hosokawa_fujitaka__varied-a-l2__baseline-b-l3__judge-glm-5.1-thinking-explicitly-off__repeat-8
[judge-sensitivity] -> ok honnoji-decision__chosokabe__hosokawa_fujitaka__varied-a-l2__baseline-b-l3__judge-glm-5.1-thinking-explicitly-off__repeat-3 12760ms
[judge-sensitivity] judge honnoji-decision__chosokabe__hosokawa_fujitaka__varied-a-l2__baseline-b-l3__judge-glm-5.1-thinking-explicitly-off__repeat-9
[judge-sensitivity] -> ok honnoji-decision__chosokabe__hosokawa_fujitaka__varied-a-l2__baseline-b-l3__judge-glm-5.1-thinking-explicitly-off__repeat-6 10755ms
[judge-sensitivity] judge honnoji-decision__chosokabe__hosokawa_fujitaka__varied-a-l2__baseline-b-l3__judge-glm-5.1-thinking-explicitly-off__repeat-10
[judge-sensitivity] -> ok honnoji-decision__chosokabe__hosokawa_fujitaka__varied-a-l2__baseline-b-l3__judge-glm-5.1-thinking-explicitly-off__repeat-5 14234ms
[judge-sensitivity] judge honnoji-decision__chosokabe__hosokawa_fujitaka__varied-a-l2__baseline-b-l3__judge-minimax-m2.5-thinking-explicitly-on__repeat-1
[judge-sensitivity] -> ok honnoji-decision__chosokabe__hosokawa_fujitaka__varied-a-l2__baseline-b-l3__judge-glm-5.1-thinking-explicitly-off__repeat-7 14024ms
[judge-sensitivity] judge honnoji-decision__chosokabe__hosokawa_fujitaka__varied-a-l2__baseline-b-l3__judge-minimax-m2.5-thinking-explicitly-on__repeat-2
[judge-sensitivity] -> ok honnoji-decision__chosokabe__hosokawa_fujitaka__varied-a-l2__baseline-b-l3__judge-glm-5.1-thinking-explicitly-off__repeat-9 13545ms
[judge-sensitivity] judge honnoji-decision__chosokabe__hosokawa_fujitaka__varied-a-l2__baseline-b-l3__judge-minimax-m2.5-thinking-explicitly-on__repeat-3
[judge-sensitivity] -> ok honnoji-decision__chosokabe__hosokawa_fujitaka__varied-a-l2__baseline-b-l3__judge-glm-5.2-thinking-explicitly-on__repeat-2 81825ms
[judge-sensitivity] judge honnoji-decision__chosokabe__hosokawa_fujitaka__varied-a-l2__baseline-b-l3__judge-minimax-m2.5-thinking-explicitly-on__repeat-4
[judge-sensitivity] -> ok honnoji-decision__chosokabe__hosokawa_fujitaka__varied-a-l2__baseline-b-l3__judge-glm-5.1-thinking-explicitly-off__repeat-8 14627ms
[judge-sensitivity] judge honnoji-decision__chosokabe__hosokawa_fujitaka__varied-a-l2__baseline-b-l3__judge-minimax-m2.5-thinking-explicitly-on__repeat-5
[judge-sensitivity] -> ok honnoji-decision__chosokabe__hosokawa_fujitaka__varied-a-l2__baseline-b-l3__judge-glm-5.2-thinking-explicitly-on__repeat-6 86031ms
[judge-sensitivity] judge honnoji-decision__chosokabe__hosokawa_fujitaka__varied-a-l2__baseline-b-l3__judge-minimax-m2.5-thinking-explicitly-on__repeat-6
[judge-sensitivity] -> ok honnoji-decision__chosokabe__hosokawa_fujitaka__varied-a-l2__baseline-b-l3__judge-glm-5.1-thinking-explicitly-off__repeat-10 14209ms
[judge-sensitivity] judge honnoji-decision__chosokabe__hosokawa_fujitaka__varied-a-l2__baseline-b-l3__judge-minimax-m2.5-thinking-explicitly-on__repeat-7
[judge-sensitivity] -> ok honnoji-decision__chosokabe__hosokawa_fujitaka__varied-a-l2__baseline-b-l3__judge-glm-5.1-thinking-explicitly-on__repeat-1 51498ms
[judge-sensitivity] judge honnoji-decision__chosokabe__hosokawa_fujitaka__varied-a-l2__baseline-b-l3__judge-minimax-m2.5-thinking-explicitly-on__repeat-8
[judge-sensitivity] -> ok honnoji-decision__chosokabe__hosokawa_fujitaka__varied-a-l2__baseline-b-l3__judge-glm-5.1-thinking-explicitly-on__repeat-4 44970ms
[judge-sensitivity] judge honnoji-decision__chosokabe__hosokawa_fujitaka__varied-a-l2__baseline-b-l3__judge-minimax-m2.5-thinking-explicitly-on__repeat-9
[judge-sensitivity] -> ok honnoji-decision__chosokabe__hosokawa_fujitaka__varied-a-l2__baseline-b-l3__judge-glm-5.1-thinking-explicitly-on__repeat-6 43497ms
[judge-sensitivity] judge honnoji-decision__chosokabe__hosokawa_fujitaka__varied-a-l2__baseline-b-l3__judge-minimax-m2.5-thinking-explicitly-on__repeat-10
[judge-sensitivity] -> ok honnoji-decision__chosokabe__hosokawa_fujitaka__varied-a-l2__baseline-b-l3__judge-glm-5.1-thinking-explicitly-on__repeat-3 48231ms
[judge-sensitivity] judge honnoji-decision__chosokabe__hosokawa_fujitaka__varied-a-l3__baseline-b-l3__judge-deepseek-v4-pro-thinking-explicitly-on__repeat-1
[judge-sensitivity] -> ok honnoji-decision__chosokabe__hosokawa_fujitaka__varied-a-l2__baseline-b-l3__judge-glm-5.1-thinking-explicitly-on__repeat-2 51787ms
[judge-sensitivity] judge honnoji-decision__chosokabe__hosokawa_fujitaka__varied-a-l3__baseline-b-l3__judge-deepseek-v4-pro-thinking-explicitly-on__repeat-2
[judge-sensitivity] -> ok honnoji-decision__chosokabe__hosokawa_fujitaka__varied-a-l2__baseline-b-l3__judge-glm-5.1-thinking-explicitly-on__repeat-7 47820ms
[judge-sensitivity] judge honnoji-decision__chosokabe__hosokawa_fujitaka__varied-a-l3__baseline-b-l3__judge-deepseek-v4-pro-thinking-explicitly-on__repeat-3
[judge-sensitivity] -> ok honnoji-decision__chosokabe__hosokawa_fujitaka__varied-a-l2__baseline-b-l3__judge-glm-5.1-thinking-explicitly-on__repeat-8 48057ms
[judge-sensitivity] judge honnoji-decision__chosokabe__hosokawa_fujitaka__varied-a-l3__baseline-b-l3__judge-deepseek-v4-pro-thinking-explicitly-on__repeat-4
[judge-sensitivity] -> ok honnoji-decision__chosokabe__hosokawa_fujitaka__varied-a-l2__baseline-b-l3__judge-glm-5.2-thinking-explicitly-on__repeat-4 98968ms
[judge-sensitivity] judge honnoji-decision__chosokabe__hosokawa_fujitaka__varied-a-l3__baseline-b-l3__judge-deepseek-v4-pro-thinking-explicitly-on__repeat-5
[judge-sensitivity] -> ok honnoji-decision__chosokabe__hosokawa_fujitaka__varied-a-l2__baseline-b-l3__judge-minimax-m2.5-thinking-explicitly-on__repeat-1 22391ms
[judge-sensitivity] judge honnoji-decision__chosokabe__hosokawa_fujitaka__varied-a-l3__baseline-b-l3__judge-deepseek-v4-pro-thinking-explicitly-on__repeat-6
[judge-sensitivity] -> ok honnoji-decision__chosokabe__hosokawa_fujitaka__varied-a-l2__baseline-b-l3__judge-glm-5.2-thinking-explicitly-on__repeat-8 81071ms
[judge-sensitivity] judge honnoji-decision__chosokabe__hosokawa_fujitaka__varied-a-l3__baseline-b-l3__judge-deepseek-v4-pro-thinking-explicitly-on__repeat-7
[judge-sensitivity] -> ok honnoji-decision__chosokabe__hosokawa_fujitaka__varied-a-l2__baseline-b-l3__judge-glm-5.1-thinking-explicitly-on__repeat-10 49620ms
[judge-sensitivity] judge honnoji-decision__chosokabe__hosokawa_fujitaka__varied-a-l3__baseline-b-l3__judge-deepseek-v4-pro-thinking-explicitly-on__repeat-8
[judge-sensitivity] -> ok honnoji-decision__chosokabe__hosokawa_fujitaka__varied-a-l2__baseline-b-l3__judge-glm-5.2-thinking-explicitly-on__repeat-10 79759ms
[judge-sensitivity] judge honnoji-decision__chosokabe__hosokawa_fujitaka__varied-a-l3__baseline-b-l3__judge-deepseek-v4-pro-thinking-explicitly-on__repeat-9
[judge-sensitivity] -> ok honnoji-decision__chosokabe__hosokawa_fujitaka__varied-a-l2__baseline-b-l3__judge-glm-5.1-thinking-explicitly-on__repeat-9 50385ms
[judge-sensitivity] judge honnoji-decision__chosokabe__hosokawa_fujitaka__varied-a-l3__baseline-b-l3__judge-deepseek-v4-pro-thinking-explicitly-on__repeat-10
[judge-sensitivity] -> ok honnoji-decision__chosokabe__hosokawa_fujitaka__varied-a-l2__baseline-b-l3__judge-minimax-m2.5-thinking-explicitly-on__repeat-5 22106ms
[judge-sensitivity] judge honnoji-decision__chosokabe__hosokawa_fujitaka__varied-a-l3__baseline-b-l3__judge-deepseek-v4-flash-thinking-explicitly-on__repeat-1
[judge-sensitivity] -> ok honnoji-decision__chosokabe__hosokawa_fujitaka__varied-a-l2__baseline-b-l3__judge-glm-5.2-thinking-explicitly-on__repeat-7 88213ms
[judge-sensitivity] judge honnoji-decision__chosokabe__hosokawa_fujitaka__varied-a-l3__baseline-b-l3__judge-deepseek-v4-flash-thinking-explicitly-on__repeat-2
[judge-sensitivity] -> ok honnoji-decision__chosokabe__hosokawa_fujitaka__varied-a-l2__baseline-b-l3__judge-minimax-m2.5-thinking-explicitly-on__repeat-8 14236ms
[judge-sensitivity] judge honnoji-decision__chosokabe__hosokawa_fujitaka__varied-a-l3__baseline-b-l3__judge-deepseek-v4-flash-thinking-explicitly-on__repeat-3
[judge-sensitivity] -> ok honnoji-decision__chosokabe__hosokawa_fujitaka__varied-a-l2__baseline-b-l3__judge-minimax-m2.5-thinking-explicitly-on__repeat-2 26378ms
[judge-sensitivity] judge honnoji-decision__chosokabe__hosokawa_fujitaka__varied-a-l3__baseline-b-l3__judge-deepseek-v4-flash-thinking-explicitly-on__repeat-4
[judge-sensitivity] -> ok honnoji-decision__chosokabe__hosokawa_fujitaka__varied-a-l2__baseline-b-l3__judge-qwen3.6-27b-thinking-explicitly-on__repeat-2 189922ms
[judge-sensitivity] judge honnoji-decision__chosokabe__hosokawa_fujitaka__varied-a-l3__baseline-b-l3__judge-deepseek-v4-flash-thinking-explicitly-on__repeat-5
[judge-sensitivity] -> ok honnoji-decision__chosokabe__hosokawa_fujitaka__varied-a-l2__baseline-b-l3__judge-minimax-m2.5-thinking-explicitly-on__repeat-4 27713ms
[judge-sensitivity] judge honnoji-decision__chosokabe__hosokawa_fujitaka__varied-a-l3__baseline-b-l3__judge-deepseek-v4-flash-thinking-explicitly-on__repeat-6
[judge-sensitivity] -> ok honnoji-decision__chosokabe__hosokawa_fujitaka__varied-a-l2__baseline-b-l3__judge-minimax-m2.5-thinking-explicitly-on__repeat-3 28582ms
[judge-sensitivity] judge honnoji-decision__chosokabe__hosokawa_fujitaka__varied-a-l3__baseline-b-l3__judge-deepseek-v4-flash-thinking-explicitly-on__repeat-7
[judge-sensitivity] -> ok honnoji-decision__chosokabe__hosokawa_fujitaka__varied-a-l2__baseline-b-l3__judge-minimax-m2.5-thinking-explicitly-on__repeat-9 18424ms
[judge-sensitivity] judge honnoji-decision__chosokabe__hosokawa_fujitaka__varied-a-l3__baseline-b-l3__judge-deepseek-v4-flash-thinking-explicitly-on__repeat-8
[judge-sensitivity] -> ok honnoji-decision__chosokabe__hosokawa_fujitaka__varied-a-l2__baseline-b-l3__judge-qwen3.6-27b-thinking-explicitly-on__repeat-5 193735ms
[judge-sensitivity] judge honnoji-decision__chosokabe__hosokawa_fujitaka__varied-a-l3__baseline-b-l3__judge-deepseek-v4-flash-thinking-explicitly-on__repeat-9
[judge-sensitivity] -> ok honnoji-decision__chosokabe__hosokawa_fujitaka__varied-a-l2__baseline-b-l3__judge-glm-5.2-thinking-explicitly-on__repeat-5 113976ms
[judge-sensitivity] judge honnoji-decision__chosokabe__hosokawa_fujitaka__varied-a-l3__baseline-b-l3__judge-deepseek-v4-flash-thinking-explicitly-on__repeat-10
[judge-sensitivity] -> ok honnoji-decision__chosokabe__hosokawa_fujitaka__varied-a-l2__baseline-b-l3__judge-minimax-m2.5-thinking-explicitly-on__repeat-7 24172ms
[judge-sensitivity] judge honnoji-decision__chosokabe__hosokawa_fujitaka__varied-a-l3__baseline-b-l3__judge-deepseek-v4-flash-thinking-explicitly-off__repeat-1
[judge-sensitivity] -> ok honnoji-decision__chosokabe__hosokawa_fujitaka__varied-a-l2__baseline-b-l3__judge-minimax-m2.5-thinking-explicitly-on__repeat-6 25001ms
[judge-sensitivity] judge honnoji-decision__chosokabe__hosokawa_fujitaka__varied-a-l3__baseline-b-l3__judge-deepseek-v4-flash-thinking-explicitly-off__repeat-2
[judge-sensitivity] -> ok honnoji-decision__chosokabe__hosokawa_fujitaka__varied-a-l2__baseline-b-l3__judge-glm-5.2-thinking-explicitly-on__repeat-3 118371ms
[judge-sensitivity] judge honnoji-decision__chosokabe__hosokawa_fujitaka__varied-a-l3__baseline-b-l3__judge-deepseek-v4-flash-thinking-explicitly-off__repeat-3
[judge-sensitivity] -> ok honnoji-decision__chosokabe__hosokawa_fujitaka__varied-a-l2__baseline-b-l3__judge-minimax-m2.5-thinking-explicitly-on__repeat-10 25844ms
[judge-sensitivity] judge honnoji-decision__chosokabe__hosokawa_fujitaka__varied-a-l3__baseline-b-l3__judge-deepseek-v4-flash-thinking-explicitly-off__repeat-4
[judge-sensitivity] -> ok honnoji-decision__chosokabe__hosokawa_fujitaka__varied-a-l3__baseline-b-l3__judge-deepseek-v4-pro-thinking-explicitly-on__repeat-2 30847ms
[judge-sensitivity] judge honnoji-decision__chosokabe__hosokawa_fujitaka__varied-a-l3__baseline-b-l3__judge-deepseek-v4-flash-thinking-explicitly-off__repeat-5
[judge-sensitivity] -> ok honnoji-decision__chosokabe__hosokawa_fujitaka__varied-a-l3__baseline-b-l3__judge-deepseek-v4-pro-thinking-explicitly-on__repeat-6 34414ms
[judge-sensitivity] judge honnoji-decision__chosokabe__hosokawa_fujitaka__varied-a-l3__baseline-b-l3__judge-deepseek-v4-flash-thinking-explicitly-off__repeat-6
[judge-sensitivity] -> ok honnoji-decision__chosokabe__hosokawa_fujitaka__varied-a-l3__baseline-b-l3__judge-deepseek-v4-pro-thinking-explicitly-on__repeat-5 35903ms
[judge-sensitivity] judge honnoji-decision__chosokabe__hosokawa_fujitaka__varied-a-l3__baseline-b-l3__judge-deepseek-v4-flash-thinking-explicitly-off__repeat-7
[judge-sensitivity] -> ok honnoji-decision__chosokabe__hosokawa_fujitaka__varied-a-l3__baseline-b-l3__judge-deepseek-v4-flash-thinking-explicitly-on__repeat-5 27614ms
[judge-sensitivity] judge honnoji-decision__chosokabe__hosokawa_fujitaka__varied-a-l3__baseline-b-l3__judge-deepseek-v4-flash-thinking-explicitly-off__repeat-8
[judge-sensitivity] -> ok honnoji-decision__chosokabe__hosokawa_fujitaka__varied-a-l3__baseline-b-l3__judge-deepseek-v4-flash-thinking-explicitly-off__repeat-4 16285ms
[judge-sensitivity] judge honnoji-decision__chosokabe__hosokawa_fujitaka__varied-a-l3__baseline-b-l3__judge-deepseek-v4-flash-thinking-explicitly-off__repeat-9
[judge-sensitivity] -> ok honnoji-decision__chosokabe__hosokawa_fujitaka__varied-a-l3__baseline-b-l3__judge-deepseek-v4-flash-thinking-explicitly-off__repeat-1 21046ms
[judge-sensitivity] judge honnoji-decision__chosokabe__hosokawa_fujitaka__varied-a-l3__baseline-b-l3__judge-deepseek-v4-flash-thinking-explicitly-off__repeat-10
[judge-sensitivity] -> ok honnoji-decision__chosokabe__hosokawa_fujitaka__varied-a-l3__baseline-b-l3__judge-deepseek-v4-pro-thinking-explicitly-on__repeat-9 37225ms
[judge-sensitivity] judge honnoji-decision__chosokabe__hosokawa_fujitaka__varied-a-l3__baseline-b-l3__judge-deepseek-v3.2-thinking-explicitly-on__repeat-1
[judge-sensitivity] -> ok honnoji-decision__chosokabe__hosokawa_fujitaka__varied-a-l3__baseline-b-l3__judge-deepseek-v4-pro-thinking-explicitly-on__repeat-1 44489ms
[judge-sensitivity] judge honnoji-decision__chosokabe__hosokawa_fujitaka__varied-a-l3__baseline-b-l3__judge-deepseek-v3.2-thinking-explicitly-on__repeat-2
[judge-sensitivity] -> ok honnoji-decision__chosokabe__hosokawa_fujitaka__varied-a-l3__baseline-b-l3__judge-deepseek-v4-flash-thinking-explicitly-off__repeat-2 24611ms
[judge-sensitivity] judge honnoji-decision__chosokabe__hosokawa_fujitaka__varied-a-l3__baseline-b-l3__judge-deepseek-v3.2-thinking-explicitly-on__repeat-3
[judge-sensitivity] -> ok honnoji-decision__chosokabe__hosokawa_fujitaka__varied-a-l3__baseline-b-l3__judge-deepseek-v4-flash-thinking-explicitly-off__repeat-3 21762ms
[judge-sensitivity] judge honnoji-decision__chosokabe__hosokawa_fujitaka__varied-a-l3__baseline-b-l3__judge-deepseek-v3.2-thinking-explicitly-on__repeat-4
[judge-sensitivity] -> ok honnoji-decision__chosokabe__hosokawa_fujitaka__varied-a-l3__baseline-b-l3__judge-deepseek-v4-pro-thinking-explicitly-on__repeat-3 46497ms
[judge-sensitivity] judge honnoji-decision__chosokabe__hosokawa_fujitaka__varied-a-l3__baseline-b-l3__judge-deepseek-v3.2-thinking-explicitly-on__repeat-5
[judge-sensitivity] -> ok honnoji-decision__chosokabe__hosokawa_fujitaka__varied-a-l3__baseline-b-l3__judge-deepseek-v4-pro-thinking-explicitly-on__repeat-10 43589ms
[judge-sensitivity] judge honnoji-decision__chosokabe__hosokawa_fujitaka__varied-a-l3__baseline-b-l3__judge-deepseek-v3.2-thinking-explicitly-on__repeat-6
[judge-sensitivity] -> ok honnoji-decision__chosokabe__hosokawa_fujitaka__varied-a-l3__baseline-b-l3__judge-deepseek-v4-flash-thinking-explicitly-off__repeat-6 11931ms
[judge-sensitivity] judge honnoji-decision__chosokabe__hosokawa_fujitaka__varied-a-l3__baseline-b-l3__judge-deepseek-v3.2-thinking-explicitly-on__repeat-7
[judge-sensitivity] -> ok honnoji-decision__chosokabe__hosokawa_fujitaka__varied-a-l3__baseline-b-l3__judge-deepseek-v4-flash-thinking-explicitly-on__repeat-10 32950ms
[judge-sensitivity] judge honnoji-decision__chosokabe__hosokawa_fujitaka__varied-a-l3__baseline-b-l3__judge-deepseek-v3.2-thinking-explicitly-on__repeat-8
[judge-sensitivity] -> ok honnoji-decision__chosokabe__hosokawa_fujitaka__varied-a-l3__baseline-b-l3__judge-deepseek-v4-flash-thinking-explicitly-off__repeat-5 23987ms
[judge-sensitivity] judge honnoji-decision__chosokabe__hosokawa_fujitaka__varied-a-l3__baseline-b-l3__judge-deepseek-v3.2-thinking-explicitly-on__repeat-9
[judge-sensitivity] -> ok honnoji-decision__chosokabe__hosokawa_fujitaka__varied-a-l3__baseline-b-l3__judge-deepseek-v4-flash-thinking-explicitly-on__repeat-7 40759ms
[judge-sensitivity] judge honnoji-decision__chosokabe__hosokawa_fujitaka__varied-a-l3__baseline-b-l3__judge-deepseek-v3.2-thinking-explicitly-on__repeat-10
[judge-sensitivity] -> ok honnoji-decision__chosokabe__hosokawa_fujitaka__varied-a-l3__baseline-b-l3__judge-deepseek-v4-flash-thinking-explicitly-on__repeat-9 38582ms
[judge-sensitivity] judge honnoji-decision__chosokabe__hosokawa_fujitaka__varied-a-l3__baseline-b-l3__judge-deepseek-v3.2-thinking-explicitly-off__repeat-1
[judge-sensitivity] -> ok honnoji-decision__chosokabe__hosokawa_fujitaka__varied-a-l2__baseline-b-l3__judge-qwen3.6-27b-thinking-explicitly-on__repeat-3 235331ms
[judge-sensitivity] judge honnoji-decision__chosokabe__hosokawa_fujitaka__varied-a-l3__baseline-b-l3__judge-deepseek-v3.2-thinking-explicitly-off__repeat-2
[judge-sensitivity] -> ok honnoji-decision__chosokabe__hosokawa_fujitaka__varied-a-l2__baseline-b-l3__judge-qwen3.6-27b-thinking-explicitly-on__repeat-8 233566ms
[judge-sensitivity] judge honnoji-decision__chosokabe__hosokawa_fujitaka__varied-a-l3__baseline-b-l3__judge-deepseek-v3.2-thinking-explicitly-off__repeat-3
[judge-sensitivity] -> ok honnoji-decision__chosokabe__hosokawa_fujitaka__varied-a-l3__baseline-b-l3__judge-deepseek-v4-flash-thinking-explicitly-off__repeat-9 21098ms
[judge-sensitivity] judge honnoji-decision__chosokabe__hosokawa_fujitaka__varied-a-l3__baseline-b-l3__judge-deepseek-v3.2-thinking-explicitly-off__repeat-4
[judge-sensitivity] -> ok honnoji-decision__chosokabe__hosokawa_fujitaka__varied-a-l2__baseline-b-l3__judge-glm-5.1-thinking-explicitly-on__repeat-5 111505ms
[judge-sensitivity] judge honnoji-decision__chosokabe__hosokawa_fujitaka__varied-a-l3__baseline-b-l3__judge-deepseek-v3.2-thinking-explicitly-off__repeat-5
[judge-sensitivity] -> ok honnoji-decision__chosokabe__hosokawa_fujitaka__varied-a-l3__baseline-b-l3__judge-deepseek-v4-flash-thinking-explicitly-off__repeat-7 25559ms
[judge-sensitivity] judge honnoji-decision__chosokabe__hosokawa_fujitaka__varied-a-l3__baseline-b-l3__judge-deepseek-v3.2-thinking-explicitly-off__repeat-6
[judge-sensitivity] -> ok honnoji-decision__chosokabe__hosokawa_fujitaka__varied-a-l3__baseline-b-l3__judge-deepseek-v4-flash-thinking-explicitly-off__repeat-8 26885ms
[judge-sensitivity] judge honnoji-decision__chosokabe__hosokawa_fujitaka__varied-a-l3__baseline-b-l3__judge-deepseek-v3.2-thinking-explicitly-off__repeat-7
[judge-sensitivity] -> ok honnoji-decision__chosokabe__hosokawa_fujitaka__varied-a-l3__baseline-b-l3__judge-deepseek-v4-pro-thinking-explicitly-on__repeat-7 64892ms
[judge-sensitivity] judge honnoji-decision__chosokabe__hosokawa_fujitaka__varied-a-l3__baseline-b-l3__judge-deepseek-v3.2-thinking-explicitly-off__repeat-8
[judge-sensitivity] -> ok honnoji-decision__chosokabe__hosokawa_fujitaka__varied-a-l3__baseline-b-l3__judge-deepseek-v4-flash-thinking-explicitly-on__repeat-8 57268ms
[judge-sensitivity] judge honnoji-decision__chosokabe__hosokawa_fujitaka__varied-a-l3__baseline-b-l3__judge-deepseek-v3.2-thinking-explicitly-off__repeat-9
[judge-sensitivity] -> ok honnoji-decision__chosokabe__hosokawa_fujitaka__varied-a-l3__baseline-b-l3__judge-deepseek-v4-flash-thinking-explicitly-off__repeat-10 31653ms
[judge-sensitivity] judge honnoji-decision__chosokabe__hosokawa_fujitaka__varied-a-l3__baseline-b-l3__judge-deepseek-v3.2-thinking-explicitly-off__repeat-10
[judge-sensitivity] -> ok honnoji-decision__chosokabe__hosokawa_fujitaka__varied-a-l3__baseline-b-l3__judge-deepseek-v3.2-thinking-explicitly-on__repeat-6 23322ms
[judge-sensitivity] judge honnoji-decision__chosokabe__hosokawa_fujitaka__varied-a-l3__baseline-b-l3__judge-deepseek-r1-thinking-explicitly-on__repeat-1
[judge-sensitivity] -> ok honnoji-decision__chosokabe__hosokawa_fujitaka__varied-a-l3__baseline-b-l3__judge-deepseek-v3.2-thinking-explicitly-on__repeat-2 31656ms
[judge-sensitivity] judge honnoji-decision__chosokabe__hosokawa_fujitaka__varied-a-l3__baseline-b-l3__judge-deepseek-r1-thinking-explicitly-on__repeat-2
[judge-sensitivity] -> ok honnoji-decision__chosokabe__hosokawa_fujitaka__varied-a-l3__baseline-b-l3__judge-deepseek-v4-flash-thinking-explicitly-on__repeat-6 62045ms
[judge-sensitivity] judge honnoji-decision__chosokabe__hosokawa_fujitaka__varied-a-l3__baseline-b-l3__judge-deepseek-r1-thinking-explicitly-on__repeat-3
[judge-sensitivity] -> ok honnoji-decision__chosokabe__hosokawa_fujitaka__varied-a-l3__baseline-b-l3__judge-deepseek-v3.2-thinking-explicitly-off__repeat-1 28494ms
[judge-sensitivity] judge honnoji-decision__chosokabe__hosokawa_fujitaka__varied-a-l3__baseline-b-l3__judge-deepseek-r1-thinking-explicitly-on__repeat-4
[judge-sensitivity] -> ok honnoji-decision__chosokabe__hosokawa_fujitaka__varied-a-l3__baseline-b-l3__judge-deepseek-v3.2-thinking-explicitly-on__repeat-3 42226ms
[judge-sensitivity] judge honnoji-decision__chosokabe__hosokawa_fujitaka__varied-a-l3__baseline-b-l3__judge-deepseek-r1-thinking-explicitly-on__repeat-5
[judge-sensitivity] -> ok honnoji-decision__chosokabe__hosokawa_fujitaka__varied-a-l3__baseline-b-l3__judge-deepseek-v3.2-thinking-explicitly-off__repeat-5 25098ms
[judge-sensitivity] judge honnoji-decision__chosokabe__hosokawa_fujitaka__varied-a-l3__baseline-b-l3__judge-deepseek-r1-thinking-explicitly-on__repeat-6
[judge-sensitivity] -> ok honnoji-decision__chosokabe__hosokawa_fujitaka__varied-a-l3__baseline-b-l3__judge-deepseek-v3.2-thinking-explicitly-off__repeat-2 30679ms
[judge-sensitivity] judge honnoji-decision__chosokabe__hosokawa_fujitaka__varied-a-l3__baseline-b-l3__judge-deepseek-r1-thinking-explicitly-on__repeat-7
[judge-sensitivity] -> ok honnoji-decision__chosokabe__hosokawa_fujitaka__varied-a-l3__baseline-b-l3__judge-deepseek-v3.2-thinking-explicitly-off__repeat-4 28321ms
[judge-sensitivity] judge honnoji-decision__chosokabe__hosokawa_fujitaka__varied-a-l3__baseline-b-l3__judge-deepseek-r1-thinking-explicitly-on__repeat-8
[judge-sensitivity] -> ok honnoji-decision__chosokabe__hosokawa_fujitaka__varied-a-l3__baseline-b-l3__judge-deepseek-v3.2-thinking-explicitly-off__repeat-3 30839ms
[judge-sensitivity] judge honnoji-decision__chosokabe__hosokawa_fujitaka__varied-a-l3__baseline-b-l3__judge-deepseek-r1-thinking-explicitly-on__repeat-9
[judge-sensitivity] -> ok honnoji-decision__chosokabe__hosokawa_fujitaka__varied-a-l3__baseline-b-l3__judge-deepseek-v3.2-thinking-explicitly-off__repeat-6 25242ms
[judge-sensitivity] judge honnoji-decision__chosokabe__hosokawa_fujitaka__varied-a-l3__baseline-b-l3__judge-deepseek-r1-thinking-explicitly-on__repeat-10
[judge-sensitivity] -> ok honnoji-decision__chosokabe__hosokawa_fujitaka__varied-a-l3__baseline-b-l3__judge-deepseek-v4-pro-thinking-explicitly-on__repeat-8 84506ms
[judge-sensitivity] judge honnoji-decision__chosokabe__hosokawa_fujitaka__varied-a-l3__baseline-b-l3__judge-deepseek-r1-thinking-explicitly-off__repeat-1
[judge-sensitivity] -> ok honnoji-decision__chosokabe__hosokawa_fujitaka__varied-a-l3__baseline-b-l3__judge-deepseek-v3.2-thinking-explicitly-off__repeat-7 25521ms
[judge-sensitivity] judge honnoji-decision__chosokabe__hosokawa_fujitaka__varied-a-l3__baseline-b-l3__judge-deepseek-r1-thinking-explicitly-off__repeat-2
[judge-sensitivity] -> ok honnoji-decision__chosokabe__hosokawa_fujitaka__varied-a-l3__baseline-b-l3__judge-deepseek-v3.2-thinking-explicitly-on__repeat-1 48850ms
[judge-sensitivity] judge honnoji-decision__chosokabe__hosokawa_fujitaka__varied-a-l3__baseline-b-l3__judge-deepseek-r1-thinking-explicitly-off__repeat-3
[judge-sensitivity] -> ok honnoji-decision__chosokabe__hosokawa_fujitaka__varied-a-l3__baseline-b-l3__judge-deepseek-v4-flash-thinking-explicitly-on__repeat-2 84230ms
[judge-sensitivity] judge honnoji-decision__chosokabe__hosokawa_fujitaka__varied-a-l3__baseline-b-l3__judge-deepseek-r1-thinking-explicitly-off__repeat-4
[judge-sensitivity] -> ok honnoji-decision__chosokabe__hosokawa_fujitaka__varied-a-l3__baseline-b-l3__judge-deepseek-v3.2-thinking-explicitly-on__repeat-8 43438ms
[judge-sensitivity] judge honnoji-decision__chosokabe__hosokawa_fujitaka__varied-a-l3__baseline-b-l3__judge-deepseek-r1-thinking-explicitly-off__repeat-5
[judge-sensitivity] -> ok honnoji-decision__chosokabe__hosokawa_fujitaka__varied-a-l3__baseline-b-l3__judge-deepseek-v4-pro-thinking-explicitly-on__repeat-4 94516ms
[judge-sensitivity] judge honnoji-decision__chosokabe__hosokawa_fujitaka__varied-a-l3__baseline-b-l3__judge-deepseek-r1-thinking-explicitly-off__repeat-6
[judge-sensitivity] -> ok honnoji-decision__chosokabe__hosokawa_fujitaka__varied-a-l3__baseline-b-l3__judge-deepseek-v3.2-thinking-explicitly-off__repeat-10 26867ms
[judge-sensitivity] judge honnoji-decision__chosokabe__hosokawa_fujitaka__varied-a-l3__baseline-b-l3__judge-deepseek-r1-thinking-explicitly-off__repeat-7
[judge-sensitivity] -> ok honnoji-decision__chosokabe__hosokawa_fujitaka__varied-a-l3__baseline-b-l3__judge-deepseek-v3.2-thinking-explicitly-off__repeat-9 27413ms
[judge-sensitivity] judge honnoji-decision__chosokabe__hosokawa_fujitaka__varied-a-l3__baseline-b-l3__judge-deepseek-r1-thinking-explicitly-off__repeat-8
[judge-sensitivity] -> ok honnoji-decision__chosokabe__hosokawa_fujitaka__varied-a-l3__baseline-b-l3__judge-deepseek-v3.2-thinking-explicitly-off__repeat-8 29941ms
[judge-sensitivity] judge honnoji-decision__chosokabe__hosokawa_fujitaka__varied-a-l3__baseline-b-l3__judge-deepseek-r1-thinking-explicitly-off__repeat-9
[judge-sensitivity] -> ok honnoji-decision__chosokabe__hosokawa_fujitaka__varied-a-l3__baseline-b-l3__judge-deepseek-v3.2-thinking-explicitly-on__repeat-9 48096ms
[judge-sensitivity] judge honnoji-decision__chosokabe__hosokawa_fujitaka__varied-a-l3__baseline-b-l3__judge-deepseek-r1-thinking-explicitly-off__repeat-10
[judge-sensitivity] -> ok honnoji-decision__chosokabe__hosokawa_fujitaka__varied-a-l3__baseline-b-l3__judge-deepseek-v4-flash-thinking-explicitly-on__repeat-1 95199ms
[judge-sensitivity] judge honnoji-decision__chosokabe__hosokawa_fujitaka__varied-a-l3__baseline-b-l3__judge-kimi-k2.7-code-thinking-always-on__repeat-1
[judge-sensitivity] -> ok honnoji-decision__chosokabe__hosokawa_fujitaka__varied-a-l3__baseline-b-l3__judge-deepseek-r1-thinking-explicitly-off__repeat-3 11698ms
[judge-sensitivity] judge honnoji-decision__chosokabe__hosokawa_fujitaka__varied-a-l3__baseline-b-l3__judge-kimi-k2.7-code-thinking-always-on__repeat-2
[judge-sensitivity] -> ok honnoji-decision__chosokabe__hosokawa_fujitaka__varied-a-l3__baseline-b-l3__judge-deepseek-v3.2-thinking-explicitly-on__repeat-5 55681ms
[judge-sensitivity] judge honnoji-decision__chosokabe__hosokawa_fujitaka__varied-a-l3__baseline-b-l3__judge-kimi-k2.7-code-thinking-always-on__repeat-3
[judge-sensitivity] -> ok honnoji-decision__chosokabe__hosokawa_fujitaka__varied-a-l3__baseline-b-l3__judge-deepseek-r1-thinking-explicitly-off__repeat-1 15455ms
[judge-sensitivity] judge honnoji-decision__chosokabe__hosokawa_fujitaka__varied-a-l3__baseline-b-l3__judge-kimi-k2.7-code-thinking-always-on__repeat-4
[judge-sensitivity] -> ok honnoji-decision__chosokabe__hosokawa_fujitaka__varied-a-l3__baseline-b-l3__judge-deepseek-r1-thinking-explicitly-off__repeat-2 15470ms
[judge-sensitivity] judge honnoji-decision__chosokabe__hosokawa_fujitaka__varied-a-l3__baseline-b-l3__judge-kimi-k2.7-code-thinking-always-on__repeat-5
[judge-sensitivity] -> ok honnoji-decision__chosokabe__hosokawa_fujitaka__varied-a-l3__baseline-b-l3__judge-deepseek-r1-thinking-explicitly-off__repeat-4 14547ms
[judge-sensitivity] judge honnoji-decision__chosokabe__hosokawa_fujitaka__varied-a-l3__baseline-b-l3__judge-kimi-k2.7-code-thinking-always-on__repeat-6
[judge-sensitivity] -> ok honnoji-decision__chosokabe__hosokawa_fujitaka__varied-a-l3__baseline-b-l3__judge-deepseek-r1-thinking-explicitly-off__repeat-10 8067ms
[judge-sensitivity] judge honnoji-decision__chosokabe__hosokawa_fujitaka__varied-a-l3__baseline-b-l3__judge-kimi-k2.7-code-thinking-always-on__repeat-7
[judge-sensitivity] -> ok honnoji-decision__chosokabe__hosokawa_fujitaka__varied-a-l3__baseline-b-l3__judge-deepseek-v4-flash-thinking-explicitly-on__repeat-3 101424ms
[judge-sensitivity] judge honnoji-decision__chosokabe__hosokawa_fujitaka__varied-a-l3__baseline-b-l3__judge-kimi-k2.7-code-thinking-always-on__repeat-8
[judge-sensitivity] -> ok honnoji-decision__chosokabe__hosokawa_fujitaka__varied-a-l3__baseline-b-l3__judge-deepseek-r1-thinking-explicitly-off__repeat-8 15669ms
[judge-sensitivity] judge honnoji-decision__chosokabe__hosokawa_fujitaka__varied-a-l3__baseline-b-l3__judge-kimi-k2.7-code-thinking-always-on__repeat-9
[judge-sensitivity] -> ok honnoji-decision__chosokabe__hosokawa_fujitaka__varied-a-l3__baseline-b-l3__judge-deepseek-r1-thinking-explicitly-off__repeat-9 16208ms
[judge-sensitivity] judge honnoji-decision__chosokabe__hosokawa_fujitaka__varied-a-l3__baseline-b-l3__judge-kimi-k2.7-code-thinking-always-on__repeat-10
[judge-sensitivity] -> ok honnoji-decision__chosokabe__hosokawa_fujitaka__varied-a-l3__baseline-b-l3__judge-deepseek-r1-thinking-explicitly-off__repeat-7 18005ms
[judge-sensitivity] judge honnoji-decision__chosokabe__hosokawa_fujitaka__varied-a-l3__baseline-b-l3__judge-kimi-k2.6-thinking-explicitly-on__repeat-1
[judge-sensitivity] -> ok honnoji-decision__chosokabe__hosokawa_fujitaka__varied-a-l3__baseline-b-l3__judge-deepseek-r1-thinking-explicitly-on__repeat-1 43577ms
[judge-sensitivity] judge honnoji-decision__chosokabe__hosokawa_fujitaka__varied-a-l3__baseline-b-l3__judge-kimi-k2.6-thinking-explicitly-on__repeat-2
[judge-sensitivity] -> ok honnoji-decision__chosokabe__hosokawa_fujitaka__varied-a-l3__baseline-b-l3__judge-deepseek-r1-thinking-explicitly-off__repeat-6 21414ms
[judge-sensitivity] judge honnoji-decision__chosokabe__hosokawa_fujitaka__varied-a-l3__baseline-b-l3__judge-kimi-k2.6-thinking-explicitly-on__repeat-3
[judge-sensitivity] -> ok honnoji-decision__chosokabe__hosokawa_fujitaka__varied-a-l3__baseline-b-l3__judge-deepseek-r1-thinking-explicitly-off__repeat-5 24328ms
[judge-sensitivity] judge honnoji-decision__chosokabe__hosokawa_fujitaka__varied-a-l3__baseline-b-l3__judge-kimi-k2.6-thinking-explicitly-on__repeat-4
[judge-sensitivity] -> ok honnoji-decision__chosokabe__hosokawa_fujitaka__varied-a-l3__baseline-b-l3__judge-deepseek-r1-thinking-explicitly-on__repeat-3 45379ms
[judge-sensitivity] judge honnoji-decision__chosokabe__hosokawa_fujitaka__varied-a-l3__baseline-b-l3__judge-kimi-k2.6-thinking-explicitly-on__repeat-5
[judge-sensitivity] -> ok honnoji-decision__chosokabe__hosokawa_fujitaka__varied-a-l3__baseline-b-l3__judge-deepseek-r1-thinking-explicitly-on__repeat-5 40567ms
[judge-sensitivity] judge honnoji-decision__chosokabe__hosokawa_fujitaka__varied-a-l3__baseline-b-l3__judge-kimi-k2.6-thinking-explicitly-on__repeat-6
[judge-sensitivity] -> ok honnoji-decision__chosokabe__hosokawa_fujitaka__varied-a-l3__baseline-b-l3__judge-deepseek-r1-thinking-explicitly-on__repeat-9 41938ms
[judge-sensitivity] judge honnoji-decision__chosokabe__hosokawa_fujitaka__varied-a-l3__baseline-b-l3__judge-kimi-k2.6-thinking-explicitly-on__repeat-7
[judge-sensitivity] -> ok honnoji-decision__chosokabe__hosokawa_fujitaka__varied-a-l3__baseline-b-l3__judge-deepseek-r1-thinking-explicitly-on__repeat-7 46211ms
[judge-sensitivity] judge honnoji-decision__chosokabe__hosokawa_fujitaka__varied-a-l3__baseline-b-l3__judge-kimi-k2.6-thinking-explicitly-on__repeat-8
[judge-sensitivity] -> ok honnoji-decision__chosokabe__hosokawa_fujitaka__varied-a-l3__baseline-b-l3__judge-deepseek-v3.2-thinking-explicitly-on__repeat-4 101984ms
[judge-sensitivity] judge honnoji-decision__chosokabe__hosokawa_fujitaka__varied-a-l3__baseline-b-l3__judge-kimi-k2.6-thinking-explicitly-on__repeat-9
[judge-sensitivity] -> ok honnoji-decision__chosokabe__hosokawa_fujitaka__varied-a-l3__baseline-b-l3__judge-deepseek-r1-thinking-explicitly-on__repeat-10 63279ms
[judge-sensitivity] judge honnoji-decision__chosokabe__hosokawa_fujitaka__varied-a-l3__baseline-b-l3__judge-kimi-k2.6-thinking-explicitly-on__repeat-10
[judge-sensitivity] -> ok honnoji-decision__chosokabe__hosokawa_fujitaka__varied-a-l3__baseline-b-l3__judge-deepseek-v3.2-thinking-explicitly-on__repeat-7 104598ms
[judge-sensitivity] judge honnoji-decision__chosokabe__hosokawa_fujitaka__varied-a-l3__baseline-b-l3__judge-kimi-k2.6-thinking-explicitly-off__repeat-1
[judge-sensitivity] -> ok honnoji-decision__chosokabe__hosokawa_fujitaka__varied-a-l3__baseline-b-l3__judge-deepseek-r1-thinking-explicitly-on__repeat-2 81045ms
[judge-sensitivity] judge honnoji-decision__chosokabe__hosokawa_fujitaka__varied-a-l3__baseline-b-l3__judge-kimi-k2.6-thinking-explicitly-off__repeat-2
[judge-sensitivity] -> ok honnoji-decision__chosokabe__hosokawa_fujitaka__varied-a-l3__baseline-b-l3__judge-kimi-k2.7-code-thinking-always-on__repeat-6 58300ms
[judge-sensitivity] judge honnoji-decision__chosokabe__hosokawa_fujitaka__varied-a-l3__baseline-b-l3__judge-kimi-k2.6-thinking-explicitly-off__repeat-3
[judge-sensitivity] -> ok honnoji-decision__chosokabe__hosokawa_fujitaka__varied-a-l3__baseline-b-l3__judge-deepseek-r1-thinking-explicitly-on__repeat-6 79570ms
[judge-sensitivity] judge honnoji-decision__chosokabe__hosokawa_fujitaka__varied-a-l3__baseline-b-l3__judge-kimi-k2.6-thinking-explicitly-off__repeat-4
[judge-sensitivity] -> ok honnoji-decision__chosokabe__hosokawa_fujitaka__varied-a-l3__baseline-b-l3__judge-deepseek-r1-thinking-explicitly-on__repeat-8 78578ms
[judge-sensitivity] judge honnoji-decision__chosokabe__hosokawa_fujitaka__varied-a-l3__baseline-b-l3__judge-kimi-k2.6-thinking-explicitly-off__repeat-5
[judge-sensitivity] -> ok honnoji-decision__chosokabe__hosokawa_fujitaka__varied-a-l3__baseline-b-l3__judge-deepseek-r1-thinking-explicitly-on__repeat-4 83834ms
[judge-sensitivity] judge honnoji-decision__chosokabe__hosokawa_fujitaka__varied-a-l3__baseline-b-l3__judge-kimi-k2.6-thinking-explicitly-off__repeat-6
[judge-sensitivity] -> ok honnoji-decision__chosokabe__hosokawa_fujitaka__varied-a-l3__baseline-b-l3__judge-deepseek-v3.2-thinking-explicitly-on__repeat-10 116093ms
[judge-sensitivity] judge honnoji-decision__chosokabe__hosokawa_fujitaka__varied-a-l3__baseline-b-l3__judge-kimi-k2.6-thinking-explicitly-off__repeat-7
[judge-sensitivity] -> ok honnoji-decision__chosokabe__hosokawa_fujitaka__varied-a-l3__baseline-b-l3__judge-kimi-k2.6-thinking-explicitly-off__repeat-1 22021ms
[judge-sensitivity] judge honnoji-decision__chosokabe__hosokawa_fujitaka__varied-a-l3__baseline-b-l3__judge-kimi-k2.6-thinking-explicitly-off__repeat-8
[judge-sensitivity] -> ok honnoji-decision__chosokabe__hosokawa_fujitaka__varied-a-l3__baseline-b-l3__judge-kimi-k2.6-thinking-explicitly-off__repeat-2 22767ms
[judge-sensitivity] judge honnoji-decision__chosokabe__hosokawa_fujitaka__varied-a-l3__baseline-b-l3__judge-kimi-k2.6-thinking-explicitly-off__repeat-9
[judge-sensitivity] -> ok honnoji-decision__chosokabe__hosokawa_fujitaka__varied-a-l3__baseline-b-l3__judge-kimi-k2.6-thinking-explicitly-on__repeat-2 70381ms
[judge-sensitivity] judge honnoji-decision__chosokabe__hosokawa_fujitaka__varied-a-l3__baseline-b-l3__judge-kimi-k2.6-thinking-explicitly-off__repeat-10
[judge-sensitivity] -> ok honnoji-decision__chosokabe__hosokawa_fujitaka__varied-a-l3__baseline-b-l3__judge-kimi-k2.6-thinking-explicitly-off__repeat-6 23935ms
[judge-sensitivity] judge honnoji-decision__chosokabe__hosokawa_fujitaka__varied-a-l3__baseline-b-l3__judge-qwen3.6-35b-a3b-thinking-explicitly-on__repeat-1
[judge-sensitivity] -> ok honnoji-decision__chosokabe__hosokawa_fujitaka__varied-a-l3__baseline-b-l3__judge-kimi-k2.6-thinking-explicitly-off__repeat-4 26109ms
[judge-sensitivity] judge honnoji-decision__chosokabe__hosokawa_fujitaka__varied-a-l3__baseline-b-l3__judge-qwen3.6-35b-a3b-thinking-explicitly-on__repeat-2
[judge-sensitivity] -> ok honnoji-decision__chosokabe__hosokawa_fujitaka__varied-a-l3__baseline-b-l3__judge-kimi-k2.6-thinking-explicitly-off__repeat-7 22530ms
[judge-sensitivity] judge honnoji-decision__chosokabe__hosokawa_fujitaka__varied-a-l3__baseline-b-l3__judge-qwen3.6-35b-a3b-thinking-explicitly-on__repeat-3
[judge-sensitivity] -> ok honnoji-decision__chosokabe__hosokawa_fujitaka__varied-a-l3__baseline-b-l3__judge-kimi-k2.7-code-thinking-always-on__repeat-3 91264ms
[judge-sensitivity] judge honnoji-decision__chosokabe__hosokawa_fujitaka__varied-a-l3__baseline-b-l3__judge-qwen3.6-35b-a3b-thinking-explicitly-on__repeat-4
[judge-sensitivity] -> ok honnoji-decision__chosokabe__hosokawa_fujitaka__varied-a-l3__baseline-b-l3__judge-kimi-k2.6-thinking-explicitly-off__repeat-3 30780ms
[judge-sensitivity] judge honnoji-decision__chosokabe__hosokawa_fujitaka__varied-a-l3__baseline-b-l3__judge-qwen3.6-35b-a3b-thinking-explicitly-on__repeat-5
[judge-sensitivity] -> ok honnoji-decision__chosokabe__hosokawa_fujitaka__varied-a-l3__baseline-b-l3__judge-kimi-k2.6-thinking-explicitly-off__repeat-8 20099ms
[judge-sensitivity] judge honnoji-decision__chosokabe__hosokawa_fujitaka__varied-a-l3__baseline-b-l3__judge-qwen3.6-35b-a3b-thinking-explicitly-on__repeat-6
[judge-sensitivity] -> ok honnoji-decision__chosokabe__hosokawa_fujitaka__varied-a-l3__baseline-b-l3__judge-kimi-k2.6-thinking-explicitly-off__repeat-5 30241ms
[judge-sensitivity] judge honnoji-decision__chosokabe__hosokawa_fujitaka__varied-a-l3__baseline-b-l3__judge-qwen3.6-35b-a3b-thinking-explicitly-on__repeat-7
[judge-sensitivity] -> ok honnoji-decision__chosokabe__hosokawa_fujitaka__varied-a-l3__baseline-b-l3__judge-kimi-k2.6-thinking-explicitly-off__repeat-9 22854ms
[judge-sensitivity] judge honnoji-decision__chosokabe__hosokawa_fujitaka__varied-a-l3__baseline-b-l3__judge-qwen3.6-35b-a3b-thinking-explicitly-on__repeat-8
[judge-sensitivity] -> ok honnoji-decision__chosokabe__hosokawa_fujitaka__varied-a-l3__baseline-b-l3__judge-kimi-k2.6-thinking-explicitly-on__repeat-3 84057ms
[judge-sensitivity] judge honnoji-decision__chosokabe__hosokawa_fujitaka__varied-a-l3__baseline-b-l3__judge-qwen3.6-35b-a3b-thinking-explicitly-on__repeat-9
[judge-sensitivity] -> ok honnoji-decision__chosokabe__hosokawa_fujitaka__varied-a-l3__baseline-b-l3__judge-kimi-k2.6-thinking-explicitly-off__repeat-10 22814ms
[judge-sensitivity] judge honnoji-decision__chosokabe__hosokawa_fujitaka__varied-a-l3__baseline-b-l3__judge-qwen3.6-35b-a3b-thinking-explicitly-on__repeat-10
[judge-sensitivity] -> ok honnoji-decision__chosokabe__hosokawa_fujitaka__varied-a-l3__baseline-b-l3__judge-kimi-k2.7-code-thinking-always-on__repeat-5 117161ms
[judge-sensitivity] judge honnoji-decision__chosokabe__hosokawa_fujitaka__varied-a-l3__baseline-b-l3__judge-qwen3.6-35b-a3b-thinking-explicitly-off__repeat-1
[judge-sensitivity] -> ok honnoji-decision__chosokabe__hosokawa_fujitaka__varied-a-l3__baseline-b-l3__judge-kimi-k2.6-thinking-explicitly-on__repeat-1 108379ms
[judge-sensitivity] judge honnoji-decision__chosokabe__hosokawa_fujitaka__varied-a-l3__baseline-b-l3__judge-qwen3.6-35b-a3b-thinking-explicitly-off__repeat-2
[judge-sensitivity] -> ok honnoji-decision__chosokabe__hosokawa_fujitaka__varied-a-l3__baseline-b-l3__judge-qwen3.6-35b-a3b-thinking-explicitly-off__repeat-2 6888ms
[judge-sensitivity] judge honnoji-decision__chosokabe__hosokawa_fujitaka__varied-a-l3__baseline-b-l3__judge-qwen3.6-35b-a3b-thinking-explicitly-off__repeat-3
[judge-sensitivity] -> ok honnoji-decision__chosokabe__hosokawa_fujitaka__varied-a-l3__baseline-b-l3__judge-qwen3.6-35b-a3b-thinking-explicitly-off__repeat-1 8119ms
[judge-sensitivity] judge honnoji-decision__chosokabe__hosokawa_fujitaka__varied-a-l3__baseline-b-l3__judge-qwen3.6-35b-a3b-thinking-explicitly-off__repeat-4
[judge-sensitivity] -> ok honnoji-decision__chosokabe__hosokawa_fujitaka__varied-a-l3__baseline-b-l3__judge-kimi-k2.7-code-thinking-always-on__repeat-10 117536ms
[judge-sensitivity] judge honnoji-decision__chosokabe__hosokawa_fujitaka__varied-a-l3__baseline-b-l3__judge-qwen3.6-35b-a3b-thinking-explicitly-off__repeat-5
[judge-sensitivity] -> ok honnoji-decision__chosokabe__hosokawa_fujitaka__varied-a-l3__baseline-b-l3__judge-kimi-k2.7-code-thinking-always-on__repeat-4 130908ms
[judge-sensitivity] judge honnoji-decision__chosokabe__hosokawa_fujitaka__varied-a-l3__baseline-b-l3__judge-qwen3.6-35b-a3b-thinking-explicitly-off__repeat-6
[judge-sensitivity] -> ok honnoji-decision__chosokabe__hosokawa_fujitaka__varied-a-l3__baseline-b-l3__judge-kimi-k2.6-thinking-explicitly-on__repeat-7 107859ms
[judge-sensitivity] judge honnoji-decision__chosokabe__hosokawa_fujitaka__varied-a-l3__baseline-b-l3__judge-qwen3.6-35b-a3b-thinking-explicitly-off__repeat-7
[judge-sensitivity] -> ok honnoji-decision__chosokabe__hosokawa_fujitaka__varied-a-l3__baseline-b-l3__judge-kimi-k2.6-thinking-explicitly-on__repeat-6 114075ms
[judge-sensitivity] judge honnoji-decision__chosokabe__hosokawa_fujitaka__varied-a-l3__baseline-b-l3__judge-qwen3.6-35b-a3b-thinking-explicitly-off__repeat-8
[judge-sensitivity] -> ok honnoji-decision__chosokabe__hosokawa_fujitaka__varied-a-l3__baseline-b-l3__judge-qwen3.6-35b-a3b-thinking-explicitly-off__repeat-3 9472ms
[judge-sensitivity] judge honnoji-decision__chosokabe__hosokawa_fujitaka__varied-a-l3__baseline-b-l3__judge-qwen3.6-35b-a3b-thinking-explicitly-off__repeat-9
[judge-sensitivity] -> ok honnoji-decision__chosokabe__hosokawa_fujitaka__varied-a-l3__baseline-b-l3__judge-qwen3.6-35b-a3b-thinking-explicitly-off__repeat-6 8911ms
[judge-sensitivity] judge honnoji-decision__chosokabe__hosokawa_fujitaka__varied-a-l3__baseline-b-l3__judge-qwen3.6-35b-a3b-thinking-explicitly-off__repeat-10
[judge-sensitivity] -> ok honnoji-decision__chosokabe__hosokawa_fujitaka__varied-a-l3__baseline-b-l3__judge-kimi-k2.6-thinking-explicitly-on__repeat-9 100752ms
[judge-sensitivity] judge honnoji-decision__chosokabe__hosokawa_fujitaka__varied-a-l3__baseline-b-l3__judge-qwen3.6-27b-thinking-explicitly-on__repeat-1
[judge-sensitivity] -> ok honnoji-decision__chosokabe__hosokawa_fujitaka__varied-a-l3__baseline-b-l3__judge-kimi-k2.7-code-thinking-always-on__repeat-2 146514ms
[judge-sensitivity] judge honnoji-decision__chosokabe__hosokawa_fujitaka__varied-a-l3__baseline-b-l3__judge-qwen3.6-27b-thinking-explicitly-on__repeat-2
[judge-sensitivity] -> ok honnoji-decision__chosokabe__hosokawa_fujitaka__varied-a-l3__baseline-b-l3__judge-kimi-k2.7-code-thinking-always-on__repeat-7 143889ms
[judge-sensitivity] judge honnoji-decision__chosokabe__hosokawa_fujitaka__varied-a-l3__baseline-b-l3__judge-qwen3.6-27b-thinking-explicitly-on__repeat-3
[judge-sensitivity] -> ok honnoji-decision__chosokabe__hosokawa_fujitaka__varied-a-l3__baseline-b-l3__judge-kimi-k2.7-code-thinking-always-on__repeat-8 145581ms
[judge-sensitivity] judge honnoji-decision__chosokabe__hosokawa_fujitaka__varied-a-l3__baseline-b-l3__judge-qwen3.6-27b-thinking-explicitly-on__repeat-4
[judge-sensitivity] -> ok honnoji-decision__chosokabe__hosokawa_fujitaka__varied-a-l3__baseline-b-l3__judge-qwen3.6-35b-a3b-thinking-explicitly-off__repeat-9 20792ms
[judge-sensitivity] judge honnoji-decision__chosokabe__hosokawa_fujitaka__varied-a-l3__baseline-b-l3__judge-qwen3.6-27b-thinking-explicitly-on__repeat-5
[judge-sensitivity] -> ok honnoji-decision__chosokabe__hosokawa_fujitaka__varied-a-l3__baseline-b-l3__judge-qwen3.6-35b-a3b-thinking-explicitly-off__repeat-10 17813ms
[judge-sensitivity] judge honnoji-decision__chosokabe__hosokawa_fujitaka__varied-a-l3__baseline-b-l3__judge-qwen3.6-27b-thinking-explicitly-on__repeat-6
[judge-sensitivity] -> ok honnoji-decision__chosokabe__hosokawa_fujitaka__varied-a-l3__baseline-b-l3__judge-qwen3.6-35b-a3b-thinking-explicitly-on__repeat-6 67303ms
[judge-sensitivity] judge honnoji-decision__chosokabe__hosokawa_fujitaka__varied-a-l3__baseline-b-l3__judge-qwen3.6-27b-thinking-explicitly-on__repeat-7
[judge-sensitivity] -> ok honnoji-decision__chosokabe__hosokawa_fujitaka__varied-a-l3__baseline-b-l3__judge-kimi-k2.6-thinking-explicitly-on__repeat-8 130317ms
[judge-sensitivity] judge honnoji-decision__chosokabe__hosokawa_fujitaka__varied-a-l3__baseline-b-l3__judge-qwen3.6-27b-thinking-explicitly-on__repeat-8
[judge-sensitivity] -> ok honnoji-decision__chosokabe__hosokawa_fujitaka__varied-a-l3__baseline-b-l3__judge-qwen3.6-35b-a3b-thinking-explicitly-on__repeat-4 78195ms
[judge-sensitivity] judge honnoji-decision__chosokabe__hosokawa_fujitaka__varied-a-l3__baseline-b-l3__judge-qwen3.6-27b-thinking-explicitly-on__repeat-9
[judge-sensitivity] -> ok honnoji-decision__chosokabe__hosokawa_fujitaka__varied-a-l3__baseline-b-l3__judge-qwen3.6-35b-a3b-thinking-explicitly-on__repeat-8 74632ms
[judge-sensitivity] judge honnoji-decision__chosokabe__hosokawa_fujitaka__varied-a-l3__baseline-b-l3__judge-qwen3.6-27b-thinking-explicitly-on__repeat-10
[judge-sensitivity] -> ok honnoji-decision__chosokabe__hosokawa_fujitaka__varied-a-l3__baseline-b-l3__judge-qwen3.6-35b-a3b-thinking-explicitly-on__repeat-5 79004ms
[judge-sensitivity] judge honnoji-decision__chosokabe__hosokawa_fujitaka__varied-a-l3__baseline-b-l3__judge-qwen3.6-27b-thinking-explicitly-off__repeat-1
[judge-sensitivity] -> ok honnoji-decision__chosokabe__hosokawa_fujitaka__varied-a-l3__baseline-b-l3__judge-kimi-k2.6-thinking-explicitly-on__repeat-4 159099ms
[judge-sensitivity] judge honnoji-decision__chosokabe__hosokawa_fujitaka__varied-a-l3__baseline-b-l3__judge-qwen3.6-27b-thinking-explicitly-off__repeat-2
[judge-sensitivity] -> ok honnoji-decision__chosokabe__hosokawa_fujitaka__varied-a-l3__baseline-b-l3__judge-kimi-k2.7-code-thinking-always-on__repeat-9 167482ms
[judge-sensitivity] judge honnoji-decision__chosokabe__hosokawa_fujitaka__varied-a-l3__baseline-b-l3__judge-qwen3.6-27b-thinking-explicitly-off__repeat-3
[judge-sensitivity] -> ok honnoji-decision__chosokabe__hosokawa_fujitaka__varied-a-l3__baseline-b-l3__judge-qwen3.6-35b-a3b-thinking-explicitly-on__repeat-3 89881ms
[judge-sensitivity] judge honnoji-decision__chosokabe__hosokawa_fujitaka__varied-a-l3__baseline-b-l3__judge-qwen3.6-27b-thinking-explicitly-off__repeat-4
[judge-sensitivity] -> ok honnoji-decision__chosokabe__hosokawa_fujitaka__varied-a-l3__baseline-b-l3__judge-kimi-k2.6-thinking-explicitly-on__repeat-5 166386ms
[judge-sensitivity] judge honnoji-decision__chosokabe__hosokawa_fujitaka__varied-a-l3__baseline-b-l3__judge-qwen3.6-27b-thinking-explicitly-off__repeat-5
[judge-sensitivity] -> ok honnoji-decision__chosokabe__hosokawa_fujitaka__varied-a-l2__baseline-b-l3__judge-qwen3.6-27b-thinking-explicitly-on__repeat-6 465325ms
[judge-sensitivity] judge honnoji-decision__chosokabe__hosokawa_fujitaka__varied-a-l3__baseline-b-l3__judge-qwen3.6-27b-thinking-explicitly-off__repeat-6
[judge-sensitivity] -> ok honnoji-decision__chosokabe__hosokawa_fujitaka__varied-a-l3__baseline-b-l3__judge-deepseek-v4-flash-thinking-explicitly-on__repeat-4 284157ms
[judge-sensitivity] judge honnoji-decision__chosokabe__hosokawa_fujitaka__varied-a-l3__baseline-b-l3__judge-qwen3.6-27b-thinking-explicitly-off__repeat-7
[judge-sensitivity] -> ok honnoji-decision__chosokabe__hosokawa_fujitaka__varied-a-l3__baseline-b-l3__judge-qwen3.6-27b-thinking-explicitly-off__repeat-1 18568ms
[judge-sensitivity] judge honnoji-decision__chosokabe__hosokawa_fujitaka__varied-a-l3__baseline-b-l3__judge-qwen3.6-27b-thinking-explicitly-off__repeat-8
[judge-sensitivity] -> ok honnoji-decision__chosokabe__hosokawa_fujitaka__varied-a-l3__baseline-b-l3__judge-qwen3.6-27b-thinking-explicitly-off__repeat-2 20933ms
[judge-sensitivity] judge honnoji-decision__chosokabe__hosokawa_fujitaka__varied-a-l3__baseline-b-l3__judge-qwen3.6-27b-thinking-explicitly-off__repeat-9
[judge-sensitivity] -> ok honnoji-decision__chosokabe__hosokawa_fujitaka__varied-a-l3__baseline-b-l3__judge-kimi-k2.7-code-thinking-always-on__repeat-1 202615ms
[judge-sensitivity] judge honnoji-decision__chosokabe__hosokawa_fujitaka__varied-a-l3__baseline-b-l3__judge-qwen3.6-27b-thinking-explicitly-off__repeat-10
[judge-sensitivity] -> ok honnoji-decision__chosokabe__hosokawa_fujitaka__varied-a-l3__baseline-b-l3__judge-qwen3.6-27b-thinking-explicitly-off__repeat-4 25657ms
[judge-sensitivity] judge honnoji-decision__chosokabe__hosokawa_fujitaka__varied-a-l3__baseline-b-l3__judge-qwen3.5-397b-thinking-explicitly-on__repeat-1
[judge-sensitivity] -> ok honnoji-decision__chosokabe__hosokawa_fujitaka__varied-a-l3__baseline-b-l3__judge-qwen3.6-27b-thinking-explicitly-off__repeat-3 27163ms
[judge-sensitivity] judge honnoji-decision__chosokabe__hosokawa_fujitaka__varied-a-l3__baseline-b-l3__judge-qwen3.5-397b-thinking-explicitly-on__repeat-2
[judge-sensitivity] -> ok honnoji-decision__chosokabe__hosokawa_fujitaka__varied-a-l3__baseline-b-l3__judge-qwen3.6-27b-thinking-explicitly-off__repeat-6 19575ms
[judge-sensitivity] judge honnoji-decision__chosokabe__hosokawa_fujitaka__varied-a-l3__baseline-b-l3__judge-qwen3.5-397b-thinking-explicitly-on__repeat-3
[judge-sensitivity] -> ok honnoji-decision__chosokabe__hosokawa_fujitaka__varied-a-l3__baseline-b-l3__judge-qwen3.6-27b-thinking-explicitly-off__repeat-5 24756ms
[judge-sensitivity] judge honnoji-decision__chosokabe__hosokawa_fujitaka__varied-a-l3__baseline-b-l3__judge-qwen3.5-397b-thinking-explicitly-on__repeat-4
[judge-sensitivity] -> ok honnoji-decision__chosokabe__hosokawa_fujitaka__varied-a-l3__baseline-b-l3__judge-kimi-k2.6-thinking-explicitly-on__repeat-10 159351ms
[judge-sensitivity] judge honnoji-decision__chosokabe__hosokawa_fujitaka__varied-a-l3__baseline-b-l3__judge-qwen3.5-397b-thinking-explicitly-on__repeat-5
[judge-sensitivity] -> ok honnoji-decision__chosokabe__hosokawa_fujitaka__varied-a-l3__baseline-b-l3__judge-qwen3.6-27b-thinking-explicitly-off__repeat-8 18581ms
[judge-sensitivity] judge honnoji-decision__chosokabe__hosokawa_fujitaka__varied-a-l3__baseline-b-l3__judge-qwen3.5-397b-thinking-explicitly-on__repeat-6
[judge-sensitivity] -> ok honnoji-decision__chosokabe__hosokawa_fujitaka__varied-a-l3__baseline-b-l3__judge-qwen3.6-27b-thinking-explicitly-off__repeat-9 17217ms
[judge-sensitivity] judge honnoji-decision__chosokabe__hosokawa_fujitaka__varied-a-l3__baseline-b-l3__judge-qwen3.5-397b-thinking-explicitly-on__repeat-7
[judge-sensitivity] -> error honnoji-decision__chosokabe__hosokawa_fujitaka__varied-a-l1__baseline-b-l3__judge-qwen3.6-35b-a3b-thinking-explicitly-off__repeat-2 889996ms The operation timed out.
[judge-sensitivity] judge honnoji-decision__chosokabe__hosokawa_fujitaka__varied-a-l3__baseline-b-l3__judge-qwen3.5-397b-thinking-explicitly-on__repeat-8
[judge-sensitivity] -> ok honnoji-decision__chosokabe__hosokawa_fujitaka__varied-a-l3__baseline-b-l3__judge-qwen3.6-35b-a3b-thinking-explicitly-on__repeat-7 121562ms
[judge-sensitivity] judge honnoji-decision__chosokabe__hosokawa_fujitaka__varied-a-l3__baseline-b-l3__judge-qwen3.5-397b-thinking-explicitly-on__repeat-9
[judge-sensitivity] -> ok honnoji-decision__chosokabe__hosokawa_fujitaka__varied-a-l3__baseline-b-l3__judge-qwen3.6-27b-thinking-explicitly-off__repeat-7 29289ms
[judge-sensitivity] judge honnoji-decision__chosokabe__hosokawa_fujitaka__varied-a-l3__baseline-b-l3__judge-qwen3.5-397b-thinking-explicitly-on__repeat-10
[judge-sensitivity] -> ok honnoji-decision__chosokabe__hosokawa_fujitaka__varied-a-l3__baseline-b-l3__judge-qwen3.6-27b-thinking-explicitly-off__repeat-10 21479ms
[judge-sensitivity] judge honnoji-decision__chosokabe__hosokawa_fujitaka__varied-a-l3__baseline-b-l3__judge-qwen3.5-397b-thinking-explicitly-off__repeat-1
[judge-sensitivity] -> ok honnoji-decision__chosokabe__hosokawa_fujitaka__varied-a-l3__baseline-b-l3__judge-qwen3.5-397b-thinking-explicitly-off__repeat-1 6263ms
[judge-sensitivity] judge honnoji-decision__chosokabe__hosokawa_fujitaka__varied-a-l3__baseline-b-l3__judge-qwen3.5-397b-thinking-explicitly-off__repeat-2
[judge-sensitivity] -> ok honnoji-decision__chosokabe__hosokawa_fujitaka__varied-a-l3__baseline-b-l3__judge-qwen3.5-397b-thinking-explicitly-off__repeat-2 5149ms
[judge-sensitivity] judge honnoji-decision__chosokabe__hosokawa_fujitaka__varied-a-l3__baseline-b-l3__judge-qwen3.5-397b-thinking-explicitly-off__repeat-3
[judge-sensitivity] -> ok honnoji-decision__chosokabe__hosokawa_fujitaka__varied-a-l3__baseline-b-l3__judge-qwen3.5-397b-thinking-explicitly-off__repeat-3 4866ms
[judge-sensitivity] judge honnoji-decision__chosokabe__hosokawa_fujitaka__varied-a-l3__baseline-b-l3__judge-qwen3.5-397b-thinking-explicitly-off__repeat-4
[judge-sensitivity] -> ok honnoji-decision__chosokabe__hosokawa_fujitaka__varied-a-l3__baseline-b-l3__judge-qwen3.5-397b-thinking-explicitly-on__repeat-3 38448ms
[judge-sensitivity] judge honnoji-decision__chosokabe__hosokawa_fujitaka__varied-a-l3__baseline-b-l3__judge-qwen3.5-397b-thinking-explicitly-off__repeat-5
[judge-sensitivity] -> ok honnoji-decision__chosokabe__hosokawa_fujitaka__varied-a-l3__baseline-b-l3__judge-qwen3.6-27b-thinking-explicitly-on__repeat-2 98573ms
[judge-sensitivity] judge honnoji-decision__chosokabe__hosokawa_fujitaka__varied-a-l3__baseline-b-l3__judge-qwen3.5-397b-thinking-explicitly-off__repeat-6
[judge-sensitivity] -> ok honnoji-decision__chosokabe__hosokawa_fujitaka__varied-a-l3__baseline-b-l3__judge-qwen3.5-397b-thinking-explicitly-off__repeat-4 6234ms
[judge-sensitivity] judge honnoji-decision__chosokabe__hosokawa_fujitaka__varied-a-l3__baseline-b-l3__judge-qwen3.5-397b-thinking-explicitly-off__repeat-7
[judge-sensitivity] -> ok honnoji-decision__chosokabe__hosokawa_fujitaka__varied-a-l3__baseline-b-l3__judge-qwen3.5-397b-thinking-explicitly-on__repeat-2 45605ms
[judge-sensitivity] judge honnoji-decision__chosokabe__hosokawa_fujitaka__varied-a-l3__baseline-b-l3__judge-qwen3.5-397b-thinking-explicitly-off__repeat-8
[judge-sensitivity] -> ok honnoji-decision__chosokabe__hosokawa_fujitaka__varied-a-l3__baseline-b-l3__judge-qwen3.5-397b-thinking-explicitly-on__repeat-1 46142ms
[judge-sensitivity] judge honnoji-decision__chosokabe__hosokawa_fujitaka__varied-a-l3__baseline-b-l3__judge-qwen3.5-397b-thinking-explicitly-off__repeat-9
[judge-sensitivity] -> ok honnoji-decision__chosokabe__hosokawa_fujitaka__varied-a-l3__baseline-b-l3__judge-qwen3.5-397b-thinking-explicitly-off__repeat-6 6315ms
[judge-sensitivity] judge honnoji-decision__chosokabe__hosokawa_fujitaka__varied-a-l3__baseline-b-l3__judge-qwen3.5-397b-thinking-explicitly-off__repeat-10
[judge-sensitivity] -> ok honnoji-decision__chosokabe__hosokawa_fujitaka__varied-a-l3__baseline-b-l3__judge-qwen3.5-397b-thinking-explicitly-on__repeat-6 42133ms
[judge-sensitivity] judge honnoji-decision__chosokabe__hosokawa_fujitaka__varied-a-l3__baseline-b-l3__judge-glm-5.2-thinking-explicitly-on__repeat-1
[judge-sensitivity] -> ok honnoji-decision__chosokabe__hosokawa_fujitaka__varied-a-l3__baseline-b-l3__judge-qwen3.5-397b-thinking-explicitly-on__repeat-4 44042ms
[judge-sensitivity] judge honnoji-decision__chosokabe__hosokawa_fujitaka__varied-a-l3__baseline-b-l3__judge-glm-5.2-thinking-explicitly-on__repeat-2
[judge-sensitivity] -> ok honnoji-decision__chosokabe__hosokawa_fujitaka__varied-a-l3__baseline-b-l3__judge-qwen3.6-27b-thinking-explicitly-on__repeat-1 109253ms
[judge-sensitivity] judge honnoji-decision__chosokabe__hosokawa_fujitaka__varied-a-l3__baseline-b-l3__judge-glm-5.2-thinking-explicitly-on__repeat-3
[judge-sensitivity] -> ok honnoji-decision__chosokabe__hosokawa_fujitaka__varied-a-l3__baseline-b-l3__judge-qwen3.5-397b-thinking-explicitly-off__repeat-5 8655ms
[judge-sensitivity] judge honnoji-decision__chosokabe__hosokawa_fujitaka__varied-a-l3__baseline-b-l3__judge-glm-5.2-thinking-explicitly-on__repeat-4
[judge-sensitivity] -> ok honnoji-decision__chosokabe__hosokawa_fujitaka__varied-a-l3__baseline-b-l3__judge-qwen3.5-397b-thinking-explicitly-off__repeat-7 7591ms
[judge-sensitivity] judge honnoji-decision__chosokabe__hosokawa_fujitaka__varied-a-l3__baseline-b-l3__judge-glm-5.2-thinking-explicitly-on__repeat-5
[judge-sensitivity] -> ok honnoji-decision__chosokabe__hosokawa_fujitaka__varied-a-l3__baseline-b-l3__judge-qwen3.5-397b-thinking-explicitly-on__repeat-8 42026ms
[judge-sensitivity] judge honnoji-decision__chosokabe__hosokawa_fujitaka__varied-a-l3__baseline-b-l3__judge-glm-5.2-thinking-explicitly-on__repeat-6
[judge-sensitivity] -> ok honnoji-decision__chosokabe__hosokawa_fujitaka__varied-a-l3__baseline-b-l3__judge-qwen3.5-397b-thinking-explicitly-off__repeat-8 5108ms
[judge-sensitivity] judge honnoji-decision__chosokabe__hosokawa_fujitaka__varied-a-l3__baseline-b-l3__judge-glm-5.2-thinking-explicitly-on__repeat-7
[judge-sensitivity] -> ok honnoji-decision__chosokabe__hosokawa_fujitaka__varied-a-l3__baseline-b-l3__judge-qwen3.5-397b-thinking-explicitly-off__repeat-10 5477ms
[judge-sensitivity] judge honnoji-decision__chosokabe__hosokawa_fujitaka__varied-a-l3__baseline-b-l3__judge-glm-5.2-thinking-explicitly-on__repeat-8
[judge-sensitivity] -> ok honnoji-decision__chosokabe__hosokawa_fujitaka__varied-a-l3__baseline-b-l3__judge-qwen3.5-397b-thinking-explicitly-off__repeat-9 7108ms
[judge-sensitivity] judge honnoji-decision__chosokabe__hosokawa_fujitaka__varied-a-l3__baseline-b-l3__judge-glm-5.2-thinking-explicitly-on__repeat-9
[judge-sensitivity] -> ok honnoji-decision__chosokabe__hosokawa_fujitaka__varied-a-l3__baseline-b-l3__judge-qwen3.5-397b-thinking-explicitly-on__repeat-5 50928ms
[judge-sensitivity] judge honnoji-decision__chosokabe__hosokawa_fujitaka__varied-a-l3__baseline-b-l3__judge-glm-5.2-thinking-explicitly-on__repeat-10
[judge-sensitivity] -> ok honnoji-decision__chosokabe__hosokawa_fujitaka__varied-a-l3__baseline-b-l3__judge-qwen3.6-27b-thinking-explicitly-on__repeat-6 101573ms
[judge-sensitivity] judge honnoji-decision__chosokabe__hosokawa_fujitaka__varied-a-l3__baseline-b-l3__judge-glm-5.2-thinking-explicitly-off__repeat-1
[judge-sensitivity] -> ok honnoji-decision__chosokabe__hosokawa_fujitaka__varied-a-l3__baseline-b-l3__judge-qwen3.5-397b-thinking-explicitly-on__repeat-10 41084ms
[judge-sensitivity] judge honnoji-decision__chosokabe__hosokawa_fujitaka__varied-a-l3__baseline-b-l3__judge-glm-5.2-thinking-explicitly-off__repeat-2
[judge-sensitivity] -> ok honnoji-decision__chosokabe__hosokawa_fujitaka__varied-a-l3__baseline-b-l3__judge-qwen3.5-397b-thinking-explicitly-on__repeat-7 49789ms
[judge-sensitivity] judge honnoji-decision__chosokabe__hosokawa_fujitaka__varied-a-l3__baseline-b-l3__judge-glm-5.2-thinking-explicitly-off__repeat-3
[judge-sensitivity] -> ok honnoji-decision__chosokabe__hosokawa_fujitaka__varied-a-l3__baseline-b-l3__judge-qwen3.6-27b-thinking-explicitly-on__repeat-7 106138ms
[judge-sensitivity] judge honnoji-decision__chosokabe__hosokawa_fujitaka__varied-a-l3__baseline-b-l3__judge-glm-5.2-thinking-explicitly-off__repeat-4
[judge-sensitivity] -> ok honnoji-decision__chosokabe__hosokawa_fujitaka__varied-a-l3__baseline-b-l3__judge-qwen3.5-397b-thinking-explicitly-on__repeat-9 52124ms
[judge-sensitivity] judge honnoji-decision__chosokabe__hosokawa_fujitaka__varied-a-l3__baseline-b-l3__judge-glm-5.2-thinking-explicitly-off__repeat-5
[judge-sensitivity] -> ok honnoji-decision__chosokabe__hosokawa_fujitaka__varied-a-l3__baseline-b-l3__judge-qwen3.6-27b-thinking-explicitly-on__repeat-9 100193ms
[judge-sensitivity] judge honnoji-decision__chosokabe__hosokawa_fujitaka__varied-a-l3__baseline-b-l3__judge-glm-5.2-thinking-explicitly-off__repeat-6
[judge-sensitivity] -> ok honnoji-decision__chosokabe__hosokawa_fujitaka__varied-a-l3__baseline-b-l3__judge-qwen3.6-27b-thinking-explicitly-on__repeat-4 122985ms
[judge-sensitivity] judge honnoji-decision__chosokabe__hosokawa_fujitaka__varied-a-l3__baseline-b-l3__judge-glm-5.2-thinking-explicitly-off__repeat-7
[judge-sensitivity] -> ok honnoji-decision__chosokabe__hosokawa_fujitaka__varied-a-l3__baseline-b-l3__judge-glm-5.2-thinking-explicitly-off__repeat-1 16917ms
[judge-sensitivity] judge honnoji-decision__chosokabe__hosokawa_fujitaka__varied-a-l3__baseline-b-l3__judge-glm-5.2-thinking-explicitly-off__repeat-8
[judge-sensitivity] -> ok honnoji-decision__chosokabe__hosokawa_fujitaka__varied-a-l3__baseline-b-l3__judge-glm-5.2-thinking-explicitly-off__repeat-3 16898ms
[judge-sensitivity] judge honnoji-decision__chosokabe__hosokawa_fujitaka__varied-a-l3__baseline-b-l3__judge-glm-5.2-thinking-explicitly-off__repeat-9
[judge-sensitivity] -> ok honnoji-decision__chosokabe__hosokawa_fujitaka__varied-a-l3__baseline-b-l3__judge-qwen3.6-27b-thinking-explicitly-on__repeat-5 120894ms
[judge-sensitivity] judge honnoji-decision__chosokabe__hosokawa_fujitaka__varied-a-l3__baseline-b-l3__judge-glm-5.2-thinking-explicitly-off__repeat-10
[judge-sensitivity] -> ok honnoji-decision__chosokabe__hosokawa_fujitaka__varied-a-l3__baseline-b-l3__judge-glm-5.2-thinking-explicitly-off__repeat-2 18460ms
[judge-sensitivity] judge honnoji-decision__chosokabe__hosokawa_fujitaka__varied-a-l3__baseline-b-l3__judge-glm-5.1-thinking-explicitly-on__repeat-1
[judge-sensitivity] -> ok honnoji-decision__chosokabe__hosokawa_fujitaka__varied-a-l3__baseline-b-l3__judge-qwen3.6-35b-a3b-thinking-explicitly-off__repeat-4 151444ms
[judge-sensitivity] judge honnoji-decision__chosokabe__hosokawa_fujitaka__varied-a-l3__baseline-b-l3__judge-glm-5.1-thinking-explicitly-on__repeat-2
[judge-sensitivity] -> ok honnoji-decision__chosokabe__hosokawa_fujitaka__varied-a-l3__baseline-b-l3__judge-qwen3.6-27b-thinking-explicitly-on__repeat-8 119288ms
[judge-sensitivity] judge honnoji-decision__chosokabe__hosokawa_fujitaka__varied-a-l3__baseline-b-l3__judge-glm-5.1-thinking-explicitly-on__repeat-3
[judge-sensitivity] -> ok honnoji-decision__chosokabe__hosokawa_fujitaka__varied-a-l3__baseline-b-l3__judge-glm-5.2-thinking-explicitly-off__repeat-5 14332ms
[judge-sensitivity] judge honnoji-decision__chosokabe__hosokawa_fujitaka__varied-a-l3__baseline-b-l3__judge-glm-5.1-thinking-explicitly-on__repeat-4
[judge-sensitivity] -> ok honnoji-decision__chosokabe__hosokawa_fujitaka__varied-a-l3__baseline-b-l3__judge-glm-5.2-thinking-explicitly-off__repeat-4 17874ms
[judge-sensitivity] judge honnoji-decision__chosokabe__hosokawa_fujitaka__varied-a-l3__baseline-b-l3__judge-glm-5.1-thinking-explicitly-on__repeat-5
[judge-sensitivity] -> ok honnoji-decision__chosokabe__hosokawa_fujitaka__varied-a-l3__baseline-b-l3__judge-qwen3.6-27b-thinking-explicitly-on__repeat-3 138917ms
[judge-sensitivity] judge honnoji-decision__chosokabe__hosokawa_fujitaka__varied-a-l3__baseline-b-l3__judge-glm-5.1-thinking-explicitly-on__repeat-6
[judge-sensitivity] -> ok honnoji-decision__chosokabe__hosokawa_fujitaka__varied-a-l3__baseline-b-l3__judge-glm-5.2-thinking-explicitly-off__repeat-6 20503ms
[judge-sensitivity] judge honnoji-decision__chosokabe__hosokawa_fujitaka__varied-a-l3__baseline-b-l3__judge-glm-5.1-thinking-explicitly-on__repeat-7
[judge-sensitivity] -> ok honnoji-decision__chosokabe__hosokawa_fujitaka__varied-a-l3__baseline-b-l3__judge-glm-5.2-thinking-explicitly-off__repeat-7 17917ms
[judge-sensitivity] judge honnoji-decision__chosokabe__hosokawa_fujitaka__varied-a-l3__baseline-b-l3__judge-glm-5.1-thinking-explicitly-on__repeat-8
[judge-sensitivity] -> ok honnoji-decision__chosokabe__hosokawa_fujitaka__varied-a-l3__baseline-b-l3__judge-glm-5.2-thinking-explicitly-off__repeat-8 17432ms
[judge-sensitivity] judge honnoji-decision__chosokabe__hosokawa_fujitaka__varied-a-l3__baseline-b-l3__judge-glm-5.1-thinking-explicitly-on__repeat-9
[judge-sensitivity] -> ok honnoji-decision__chosokabe__hosokawa_fujitaka__varied-a-l3__baseline-b-l3__judge-glm-5.2-thinking-explicitly-off__repeat-10 17317ms
[judge-sensitivity] judge honnoji-decision__chosokabe__hosokawa_fujitaka__varied-a-l3__baseline-b-l3__judge-glm-5.1-thinking-explicitly-on__repeat-10
[judge-sensitivity] -> ok honnoji-decision__chosokabe__hosokawa_fujitaka__varied-a-l3__baseline-b-l3__judge-glm-5.2-thinking-explicitly-off__repeat-9 25818ms
[judge-sensitivity] judge honnoji-decision__chosokabe__hosokawa_fujitaka__varied-a-l3__baseline-b-l3__judge-glm-5.1-thinking-explicitly-off__repeat-1
[judge-sensitivity] -> ok honnoji-decision__chosokabe__hosokawa_fujitaka__varied-a-l3__baseline-b-l3__judge-qwen3.6-35b-a3b-thinking-explicitly-off__repeat-5 180561ms
[judge-sensitivity] judge honnoji-decision__chosokabe__hosokawa_fujitaka__varied-a-l3__baseline-b-l3__judge-glm-5.1-thinking-explicitly-off__repeat-2
[judge-sensitivity] -> ok honnoji-decision__chosokabe__hosokawa_fujitaka__varied-a-l3__baseline-b-l3__judge-glm-5.1-thinking-explicitly-off__repeat-1 15907ms
[judge-sensitivity] judge honnoji-decision__chosokabe__hosokawa_fujitaka__varied-a-l3__baseline-b-l3__judge-glm-5.1-thinking-explicitly-off__repeat-3
[judge-sensitivity] -> ok honnoji-decision__chosokabe__hosokawa_fujitaka__varied-a-l3__baseline-b-l3__judge-qwen3.6-35b-a3b-thinking-explicitly-off__repeat-8 187678ms
[judge-sensitivity] judge honnoji-decision__chosokabe__hosokawa_fujitaka__varied-a-l3__baseline-b-l3__judge-glm-5.1-thinking-explicitly-off__repeat-4
[judge-sensitivity] -> ok honnoji-decision__chosokabe__hosokawa_fujitaka__varied-a-l3__baseline-b-l3__judge-glm-5.1-thinking-explicitly-off__repeat-2 14860ms
[judge-sensitivity] judge honnoji-decision__chosokabe__hosokawa_fujitaka__varied-a-l3__baseline-b-l3__judge-glm-5.1-thinking-explicitly-off__repeat-5
[judge-sensitivity] -> ok honnoji-decision__chosokabe__hosokawa_fujitaka__varied-a-l3__baseline-b-l3__judge-qwen3.6-35b-a3b-thinking-explicitly-off__repeat-7 194377ms
[judge-sensitivity] judge honnoji-decision__chosokabe__hosokawa_fujitaka__varied-a-l3__baseline-b-l3__judge-glm-5.1-thinking-explicitly-off__repeat-6
[judge-sensitivity] -> ok honnoji-decision__chosokabe__hosokawa_fujitaka__varied-a-l3__baseline-b-l3__judge-glm-5.1-thinking-explicitly-on__repeat-2 54150ms
[judge-sensitivity] judge honnoji-decision__chosokabe__hosokawa_fujitaka__varied-a-l3__baseline-b-l3__judge-glm-5.1-thinking-explicitly-off__repeat-7
[judge-sensitivity] -> ok honnoji-decision__chosokabe__hosokawa_fujitaka__varied-a-l3__baseline-b-l3__judge-glm-5.2-thinking-explicitly-on__repeat-7 79330ms
[judge-sensitivity] judge honnoji-decision__chosokabe__hosokawa_fujitaka__varied-a-l3__baseline-b-l3__judge-glm-5.1-thinking-explicitly-off__repeat-8
[judge-sensitivity] -> ok honnoji-decision__chosokabe__hosokawa_fujitaka__varied-a-l3__baseline-b-l3__judge-glm-5.1-thinking-explicitly-off__repeat-3 14495ms
[judge-sensitivity] judge honnoji-decision__chosokabe__hosokawa_fujitaka__varied-a-l3__baseline-b-l3__judge-glm-5.1-thinking-explicitly-off__repeat-9
[judge-sensitivity] -> ok honnoji-decision__chosokabe__hosokawa_fujitaka__varied-a-l3__baseline-b-l3__judge-glm-5.1-thinking-explicitly-on__repeat-5 52554ms
[judge-sensitivity] judge honnoji-decision__chosokabe__hosokawa_fujitaka__varied-a-l3__baseline-b-l3__judge-glm-5.1-thinking-explicitly-off__repeat-10
[judge-sensitivity] -> ok honnoji-decision__chosokabe__hosokawa_fujitaka__varied-a-l3__baseline-b-l3__judge-glm-5.1-thinking-explicitly-on__repeat-4 56792ms
[judge-sensitivity] judge honnoji-decision__chosokabe__hosokawa_fujitaka__varied-a-l3__baseline-b-l3__judge-minimax-m2.5-thinking-explicitly-on__repeat-1
[judge-sensitivity] -> ok honnoji-decision__chosokabe__hosokawa_fujitaka__varied-a-l3__baseline-b-l3__judge-glm-5.1-thinking-explicitly-on__repeat-8 45866ms
[judge-sensitivity] judge honnoji-decision__chosokabe__hosokawa_fujitaka__varied-a-l3__baseline-b-l3__judge-minimax-m2.5-thinking-explicitly-on__repeat-2
[judge-sensitivity] -> ok honnoji-decision__chosokabe__hosokawa_fujitaka__varied-a-l3__baseline-b-l3__judge-glm-5.2-thinking-explicitly-on__repeat-6 84910ms
[judge-sensitivity] judge honnoji-decision__chosokabe__hosokawa_fujitaka__varied-a-l3__baseline-b-l3__judge-minimax-m2.5-thinking-explicitly-on__repeat-3
[judge-sensitivity] -> ok honnoji-decision__chosokabe__hosokawa_fujitaka__varied-a-l3__baseline-b-l3__judge-glm-5.1-thinking-explicitly-on__repeat-1 60995ms
[judge-sensitivity] judge honnoji-decision__chosokabe__hosokawa_fujitaka__varied-a-l3__baseline-b-l3__judge-minimax-m2.5-thinking-explicitly-on__repeat-4
[judge-sensitivity] -> ok honnoji-decision__chosokabe__hosokawa_fujitaka__varied-a-l3__baseline-b-l3__judge-glm-5.1-thinking-explicitly-off__repeat-5 16208ms
[judge-sensitivity] judge honnoji-decision__chosokabe__hosokawa_fujitaka__varied-a-l3__baseline-b-l3__judge-minimax-m2.5-thinking-explicitly-on__repeat-5
[judge-sensitivity] -> ok honnoji-decision__chosokabe__hosokawa_fujitaka__varied-a-l3__baseline-b-l3__judge-glm-5.1-thinking-explicitly-off__repeat-4 17335ms
[judge-sensitivity] judge honnoji-decision__chosokabe__hosokawa_fujitaka__varied-a-l3__baseline-b-l3__judge-minimax-m2.5-thinking-explicitly-on__repeat-6
[judge-sensitivity] -> ok honnoji-decision__chosokabe__hosokawa_fujitaka__varied-a-l3__baseline-b-l3__judge-glm-5.1-thinking-explicitly-on__repeat-3 62201ms
[judge-sensitivity] judge honnoji-decision__chosokabe__hosokawa_fujitaka__varied-a-l3__baseline-b-l3__judge-minimax-m2.5-thinking-explicitly-on__repeat-7
[judge-sensitivity] -> ok honnoji-decision__chosokabe__hosokawa_fujitaka__varied-a-l3__baseline-b-l3__judge-glm-5.1-thinking-explicitly-off__repeat-6 14937ms
[judge-sensitivity] judge honnoji-decision__chosokabe__hosokawa_fujitaka__varied-a-l3__baseline-b-l3__judge-minimax-m2.5-thinking-explicitly-on__repeat-8
[judge-sensitivity] -> ok honnoji-decision__chosokabe__hosokawa_fujitaka__varied-a-l3__baseline-b-l3__judge-glm-5.1-thinking-explicitly-on__repeat-7 54986ms
[judge-sensitivity] judge honnoji-decision__chosokabe__hosokawa_fujitaka__varied-a-l3__baseline-b-l3__judge-minimax-m2.5-thinking-explicitly-on__repeat-9
[judge-sensitivity] -> ok honnoji-decision__chosokabe__hosokawa_fujitaka__varied-a-l3__baseline-b-l3__judge-glm-5.1-thinking-explicitly-off__repeat-9 15560ms
[judge-sensitivity] judge honnoji-decision__chosokabe__hosokawa_fujitaka__varied-a-l3__baseline-b-l3__judge-minimax-m2.5-thinking-explicitly-on__repeat-10
[judge-sensitivity] -> ok honnoji-decision__chosokabe__hosokawa_fujitaka__varied-a-l3__baseline-b-l3__judge-qwen3.6-27b-thinking-explicitly-on__repeat-10 180510ms
[judge-sensitivity] judge honnoji-decision__chosokabe__hosokawa_fujitaka__varied-a-l4__baseline-b-l3__judge-deepseek-v4-pro-thinking-explicitly-on__repeat-2
[judge-sensitivity] -> ok honnoji-decision__chosokabe__hosokawa_fujitaka__varied-a-l3__baseline-b-l3__judge-glm-5.1-thinking-explicitly-off__repeat-8 18362ms
[judge-sensitivity] judge honnoji-decision__chosokabe__hosokawa_fujitaka__varied-a-l4__baseline-b-l3__judge-deepseek-v4-pro-thinking-explicitly-on__repeat-3
[judge-sensitivity] -> ok honnoji-decision__chosokabe__hosokawa_fujitaka__varied-a-l3__baseline-b-l3__judge-glm-5.1-thinking-explicitly-off__repeat-10 17432ms
[judge-sensitivity] judge honnoji-decision__chosokabe__hosokawa_fujitaka__varied-a-l4__baseline-b-l3__judge-deepseek-v4-pro-thinking-explicitly-on__repeat-4
[judge-sensitivity] -> ok honnoji-decision__chosokabe__hosokawa_fujitaka__varied-a-l3__baseline-b-l3__judge-glm-5.1-thinking-explicitly-off__repeat-7 20973ms
[judge-sensitivity] judge honnoji-decision__chosokabe__hosokawa_fujitaka__varied-a-l4__baseline-b-l3__judge-deepseek-v4-pro-thinking-explicitly-on__repeat-5
[judge-sensitivity] -> ok honnoji-decision__chosokabe__hosokawa_fujitaka__varied-a-l3__baseline-b-l3__judge-glm-5.1-thinking-explicitly-on__repeat-9 61672ms
[judge-sensitivity] judge honnoji-decision__chosokabe__hosokawa_fujitaka__varied-a-l4__baseline-b-l3__judge-deepseek-v4-pro-thinking-explicitly-on__repeat-6
[judge-sensitivity] -> ok honnoji-decision__chosokabe__hosokawa_fujitaka__varied-a-l3__baseline-b-l3__judge-glm-5.1-thinking-explicitly-on__repeat-6 69577ms
[judge-sensitivity] judge honnoji-decision__chosokabe__hosokawa_fujitaka__varied-a-l4__baseline-b-l3__judge-deepseek-v4-pro-thinking-explicitly-on__repeat-7
[judge-sensitivity] -> ok honnoji-decision__chosokabe__hosokawa_fujitaka__varied-a-l3__baseline-b-l3__judge-glm-5.2-thinking-explicitly-on__repeat-10 99844ms No JSON object parsed
[judge-sensitivity] judge honnoji-decision__chosokabe__hosokawa_fujitaka__varied-a-l4__baseline-b-l3__judge-deepseek-v4-pro-thinking-explicitly-on__repeat-8
[judge-sensitivity] -> ok honnoji-decision__chosokabe__hosokawa_fujitaka__varied-a-l3__baseline-b-l3__judge-glm-5.2-thinking-explicitly-on__repeat-2 111435ms
[judge-sensitivity] judge honnoji-decision__chosokabe__hosokawa_fujitaka__varied-a-l4__baseline-b-l3__judge-deepseek-v4-pro-thinking-explicitly-on__repeat-9
[judge-sensitivity] -> ok honnoji-decision__chosokabe__hosokawa_fujitaka__varied-a-l3__baseline-b-l3__judge-glm-5.1-thinking-explicitly-on__repeat-10 69150ms
[judge-sensitivity] judge honnoji-decision__chosokabe__hosokawa_fujitaka__varied-a-l4__baseline-b-l3__judge-deepseek-v4-pro-thinking-explicitly-on__repeat-10
[judge-sensitivity] -> ok honnoji-decision__chosokabe__hosokawa_fujitaka__varied-a-l3__baseline-b-l3__judge-glm-5.2-thinking-explicitly-on__repeat-3 114190ms
[judge-sensitivity] judge honnoji-decision__chosokabe__hosokawa_fujitaka__varied-a-l4__baseline-b-l3__judge-deepseek-v4-flash-thinking-explicitly-on__repeat-2
[judge-sensitivity] -> ok honnoji-decision__chosokabe__hosokawa_fujitaka__varied-a-l3__baseline-b-l3__judge-minimax-m2.5-thinking-explicitly-on__repeat-5 26548ms
[judge-sensitivity] judge honnoji-decision__chosokabe__hosokawa_fujitaka__varied-a-l4__baseline-b-l3__judge-deepseek-v4-flash-thinking-explicitly-on__repeat-3
[judge-sensitivity] -> ok honnoji-decision__chosokabe__hosokawa_fujitaka__varied-a-l3__baseline-b-l3__judge-minimax-m2.5-thinking-explicitly-on__repeat-3 28980ms
[judge-sensitivity] judge honnoji-decision__chosokabe__hosokawa_fujitaka__varied-a-l4__baseline-b-l3__judge-deepseek-v4-flash-thinking-explicitly-on__repeat-4
[judge-sensitivity] -> ok honnoji-decision__chosokabe__hosokawa_fujitaka__varied-a-l3__baseline-b-l3__judge-minimax-m2.5-thinking-explicitly-on__repeat-2 31171ms
[judge-sensitivity] judge honnoji-decision__chosokabe__hosokawa_fujitaka__varied-a-l4__baseline-b-l3__judge-deepseek-v4-flash-thinking-explicitly-on__repeat-5
[judge-sensitivity] -> ok honnoji-decision__chosokabe__hosokawa_fujitaka__varied-a-l3__baseline-b-l3__judge-minimax-m2.5-thinking-explicitly-on__repeat-1 32266ms
[judge-sensitivity] judge honnoji-decision__chosokabe__hosokawa_fujitaka__varied-a-l4__baseline-b-l3__judge-deepseek-v4-flash-thinking-explicitly-on__repeat-6
[judge-sensitivity] -> ok honnoji-decision__chosokabe__hosokawa_fujitaka__varied-a-l3__baseline-b-l3__judge-minimax-m2.5-thinking-explicitly-on__repeat-4 30216ms
[judge-sensitivity] judge honnoji-decision__chosokabe__hosokawa_fujitaka__varied-a-l4__baseline-b-l3__judge-deepseek-v4-flash-thinking-explicitly-on__repeat-7
[judge-sensitivity] -> ok honnoji-decision__chosokabe__hosokawa_fujitaka__varied-a-l3__baseline-b-l3__judge-minimax-m2.5-thinking-explicitly-on__repeat-8 27376ms
[judge-sensitivity] judge honnoji-decision__chosokabe__hosokawa_fujitaka__varied-a-l4__baseline-b-l3__judge-deepseek-v4-flash-thinking-explicitly-on__repeat-8
[judge-sensitivity] -> ok honnoji-decision__chosokabe__hosokawa_fujitaka__varied-a-l3__baseline-b-l3__judge-minimax-m2.5-thinking-explicitly-on__repeat-9 29198ms
[judge-sensitivity] judge honnoji-decision__chosokabe__hosokawa_fujitaka__varied-a-l4__baseline-b-l3__judge-deepseek-v4-flash-thinking-explicitly-on__repeat-9
[judge-sensitivity] -> ok honnoji-decision__chosokabe__hosokawa_fujitaka__varied-a-l3__baseline-b-l3__judge-minimax-m2.5-thinking-explicitly-on__repeat-7 33766ms
[judge-sensitivity] judge honnoji-decision__chosokabe__hosokawa_fujitaka__varied-a-l4__baseline-b-l3__judge-deepseek-v4-flash-thinking-explicitly-on__repeat-10
[judge-sensitivity] -> ok honnoji-decision__chosokabe__hosokawa_fujitaka__varied-a-l3__baseline-b-l3__judge-minimax-m2.5-thinking-explicitly-on__repeat-6 34585ms
[judge-sensitivity] judge honnoji-decision__chosokabe__hosokawa_fujitaka__varied-a-l4__baseline-b-l3__judge-deepseek-v4-flash-thinking-explicitly-off__repeat-2
[judge-sensitivity] -> ok honnoji-decision__chosokabe__hosokawa_fujitaka__varied-a-l3__baseline-b-l3__judge-minimax-m2.5-thinking-explicitly-on__repeat-10 29307ms
[judge-sensitivity] judge honnoji-decision__chosokabe__hosokawa_fujitaka__varied-a-l4__baseline-b-l3__judge-deepseek-v4-flash-thinking-explicitly-off__repeat-3
[judge-sensitivity] -> ok honnoji-decision__chosokabe__hosokawa_fujitaka__varied-a-l4__baseline-b-l3__judge-deepseek-v4-pro-thinking-explicitly-on__repeat-3 27199ms
[judge-sensitivity] judge honnoji-decision__chosokabe__hosokawa_fujitaka__varied-a-l4__baseline-b-l3__judge-deepseek-v4-flash-thinking-explicitly-off__repeat-4
[judge-sensitivity] -> ok honnoji-decision__chosokabe__hosokawa_fujitaka__varied-a-l4__baseline-b-l3__judge-deepseek-v4-pro-thinking-explicitly-on__repeat-4 28065ms
[judge-sensitivity] judge honnoji-decision__chosokabe__hosokawa_fujitaka__varied-a-l4__baseline-b-l3__judge-deepseek-v4-flash-thinking-explicitly-off__repeat-5
[judge-sensitivity] -> ok honnoji-decision__chosokabe__hosokawa_fujitaka__varied-a-l4__baseline-b-l3__judge-deepseek-v4-pro-thinking-explicitly-on__repeat-7 33412ms
[judge-sensitivity] judge honnoji-decision__chosokabe__hosokawa_fujitaka__varied-a-l4__baseline-b-l3__judge-deepseek-v4-flash-thinking-explicitly-off__repeat-6
[judge-sensitivity] -> ok honnoji-decision__chosokabe__hosokawa_fujitaka__varied-a-l4__baseline-b-l3__judge-deepseek-v4-pro-thinking-explicitly-on__repeat-8 39524ms
[judge-sensitivity] judge honnoji-decision__chosokabe__hosokawa_fujitaka__varied-a-l4__baseline-b-l3__judge-deepseek-v4-flash-thinking-explicitly-off__repeat-7
[judge-sensitivity] -> ok honnoji-decision__chosokabe__hosokawa_fujitaka__varied-a-l4__baseline-b-l3__judge-deepseek-v4-pro-thinking-explicitly-on__repeat-9 35662ms
[judge-sensitivity] judge honnoji-decision__chosokabe__hosokawa_fujitaka__varied-a-l4__baseline-b-l3__judge-deepseek-v4-flash-thinking-explicitly-off__repeat-8
[judge-sensitivity] -> ok honnoji-decision__chosokabe__hosokawa_fujitaka__varied-a-l4__baseline-b-l3__judge-deepseek-v4-flash-thinking-explicitly-off__repeat-2 23549ms
[judge-sensitivity] judge honnoji-decision__chosokabe__hosokawa_fujitaka__varied-a-l4__baseline-b-l3__judge-deepseek-v4-flash-thinking-explicitly-off__repeat-9
[judge-sensitivity] -> ok honnoji-decision__chosokabe__hosokawa_fujitaka__varied-a-l4__baseline-b-l3__judge-deepseek-v4-flash-thinking-explicitly-off__repeat-4 20089ms
[judge-sensitivity] judge honnoji-decision__chosokabe__hosokawa_fujitaka__varied-a-l4__baseline-b-l3__judge-deepseek-v4-flash-thinking-explicitly-off__repeat-10
[judge-sensitivity] -> ok honnoji-decision__chosokabe__hosokawa_fujitaka__varied-a-l4__baseline-b-l3__judge-deepseek-v4-flash-thinking-explicitly-off__repeat-6 10064ms
[judge-sensitivity] judge honnoji-decision__chosokabe__hosokawa_fujitaka__varied-a-l4__baseline-b-l3__judge-deepseek-v3.2-thinking-explicitly-on__repeat-2
[judge-sensitivity] -> ok honnoji-decision__chosokabe__hosokawa_fujitaka__varied-a-l4__baseline-b-l3__judge-deepseek-v4-flash-thinking-explicitly-off__repeat-3 28839ms
[judge-sensitivity] judge honnoji-decision__chosokabe__hosokawa_fujitaka__varied-a-l4__baseline-b-l3__judge-deepseek-v3.2-thinking-explicitly-on__repeat-3
[judge-sensitivity] -> ok honnoji-decision__chosokabe__hosokawa_fujitaka__varied-a-l4__baseline-b-l3__judge-deepseek-v4-flash-thinking-explicitly-off__repeat-5 26609ms
[judge-sensitivity] judge honnoji-decision__chosokabe__hosokawa_fujitaka__varied-a-l4__baseline-b-l3__judge-deepseek-v3.2-thinking-explicitly-on__repeat-4
[judge-sensitivity] -> ok honnoji-decision__chosokabe__hosokawa_fujitaka__varied-a-l4__baseline-b-l3__judge-deepseek-v4-flash-thinking-explicitly-on__repeat-10 37176ms
[judge-sensitivity] judge honnoji-decision__chosokabe__hosokawa_fujitaka__varied-a-l4__baseline-b-l3__judge-deepseek-v3.2-thinking-explicitly-on__repeat-5
[judge-sensitivity] -> ok honnoji-decision__chosokabe__hosokawa_fujitaka__varied-a-l3__baseline-b-l3__judge-glm-5.2-thinking-explicitly-on__repeat-5 163709ms
[judge-sensitivity] judge honnoji-decision__chosokabe__hosokawa_fujitaka__varied-a-l4__baseline-b-l3__judge-deepseek-v3.2-thinking-explicitly-on__repeat-6
[judge-sensitivity] -> ok honnoji-decision__chosokabe__hosokawa_fujitaka__varied-a-l4__baseline-b-l3__judge-deepseek-v4-flash-thinking-explicitly-off__repeat-9 20104ms
[judge-sensitivity] judge honnoji-decision__chosokabe__hosokawa_fujitaka__varied-a-l4__baseline-b-l3__judge-deepseek-v3.2-thinking-explicitly-on__repeat-7
[judge-sensitivity] -> ok honnoji-decision__chosokabe__hosokawa_fujitaka__varied-a-l4__baseline-b-l3__judge-deepseek-v4-flash-thinking-explicitly-off__repeat-8 21691ms
[judge-sensitivity] judge honnoji-decision__chosokabe__hosokawa_fujitaka__varied-a-l4__baseline-b-l3__judge-deepseek-v3.2-thinking-explicitly-on__repeat-8
[judge-sensitivity] -> ok honnoji-decision__chosokabe__hosokawa_fujitaka__varied-a-l4__baseline-b-l3__judge-deepseek-v4-flash-thinking-explicitly-off__repeat-10 26695ms
[judge-sensitivity] judge honnoji-decision__chosokabe__hosokawa_fujitaka__varied-a-l4__baseline-b-l3__judge-deepseek-v3.2-thinking-explicitly-on__repeat-9
[judge-sensitivity] -> ok honnoji-decision__chosokabe__hosokawa_fujitaka__varied-a-l4__baseline-b-l3__judge-deepseek-v4-flash-thinking-explicitly-on__repeat-2 62043ms
[judge-sensitivity] judge honnoji-decision__chosokabe__hosokawa_fujitaka__varied-a-l4__baseline-b-l3__judge-deepseek-v3.2-thinking-explicitly-on__repeat-10
[judge-sensitivity] -> ok honnoji-decision__chosokabe__hosokawa_fujitaka__varied-a-l4__baseline-b-l3__judge-deepseek-v4-flash-thinking-explicitly-off__repeat-7 30468ms
[judge-sensitivity] judge honnoji-decision__chosokabe__hosokawa_fujitaka__varied-a-l4__baseline-b-l3__judge-deepseek-v3.2-thinking-explicitly-off__repeat-2
[judge-sensitivity] -> ok honnoji-decision__chosokabe__hosokawa_fujitaka__varied-a-l4__baseline-b-l3__judge-deepseek-v4-flash-thinking-explicitly-on__repeat-5 65485ms
[judge-sensitivity] judge honnoji-decision__chosokabe__hosokawa_fujitaka__varied-a-l4__baseline-b-l3__judge-deepseek-v3.2-thinking-explicitly-off__repeat-3
[judge-sensitivity] -> ok honnoji-decision__chosokabe__hosokawa_fujitaka__varied-a-l4__baseline-b-l3__judge-deepseek-v4-pro-thinking-explicitly-on__repeat-6 82408ms
[judge-sensitivity] judge honnoji-decision__chosokabe__hosokawa_fujitaka__varied-a-l4__baseline-b-l3__judge-deepseek-v3.2-thinking-explicitly-off__repeat-4
[judge-sensitivity] -> ok honnoji-decision__chosokabe__hosokawa_fujitaka__varied-a-l4__baseline-b-l3__judge-deepseek-v4-flash-thinking-explicitly-on__repeat-4 72994ms
[judge-sensitivity] judge honnoji-decision__chosokabe__hosokawa_fujitaka__varied-a-l4__baseline-b-l3__judge-deepseek-v3.2-thinking-explicitly-off__repeat-5
[judge-sensitivity] -> ok honnoji-decision__chosokabe__hosokawa_fujitaka__varied-a-l4__baseline-b-l3__judge-deepseek-v4-flash-thinking-explicitly-on__repeat-7 78688ms
[judge-sensitivity] judge honnoji-decision__chosokabe__hosokawa_fujitaka__varied-a-l4__baseline-b-l3__judge-deepseek-v3.2-thinking-explicitly-off__repeat-6
[judge-sensitivity] -> ok honnoji-decision__chosokabe__hosokawa_fujitaka__varied-a-l4__baseline-b-l3__judge-deepseek-v3.2-thinking-explicitly-on__repeat-2 50192ms
[judge-sensitivity] judge honnoji-decision__chosokabe__hosokawa_fujitaka__varied-a-l4__baseline-b-l3__judge-deepseek-v3.2-thinking-explicitly-off__repeat-7
[judge-sensitivity] -> ok honnoji-decision__chosokabe__hosokawa_fujitaka__varied-a-l4__baseline-b-l3__judge-deepseek-v3.2-thinking-explicitly-on__repeat-3 43425ms
[judge-sensitivity] judge honnoji-decision__chosokabe__hosokawa_fujitaka__varied-a-l4__baseline-b-l3__judge-deepseek-v3.2-thinking-explicitly-off__repeat-8
[judge-sensitivity] -> ok honnoji-decision__chosokabe__hosokawa_fujitaka__varied-a-l4__baseline-b-l3__judge-deepseek-v4-flash-thinking-explicitly-on__repeat-9 79651ms
[judge-sensitivity] judge honnoji-decision__chosokabe__hosokawa_fujitaka__varied-a-l4__baseline-b-l3__judge-deepseek-v3.2-thinking-explicitly-off__repeat-9
[judge-sensitivity] -> ok honnoji-decision__chosokabe__hosokawa_fujitaka__varied-a-l4__baseline-b-l3__judge-deepseek-v3.2-thinking-explicitly-off__repeat-2 27057ms
[judge-sensitivity] judge honnoji-decision__chosokabe__hosokawa_fujitaka__varied-a-l4__baseline-b-l3__judge-deepseek-v3.2-thinking-explicitly-off__repeat-10
[judge-sensitivity] -> ok honnoji-decision__chosokabe__hosokawa_fujitaka__varied-a-l4__baseline-b-l3__judge-deepseek-v3.2-thinking-explicitly-on__repeat-5 46197ms
[judge-sensitivity] judge honnoji-decision__chosokabe__hosokawa_fujitaka__varied-a-l4__baseline-b-l3__judge-deepseek-r1-thinking-explicitly-on__repeat-2
[judge-sensitivity] -> ok honnoji-decision__chosokabe__hosokawa_fujitaka__varied-a-l4__baseline-b-l3__judge-deepseek-v3.2-thinking-explicitly-off__repeat-3 24479ms
[judge-sensitivity] judge honnoji-decision__chosokabe__hosokawa_fujitaka__varied-a-l4__baseline-b-l3__judge-deepseek-r1-thinking-explicitly-on__repeat-3
[judge-sensitivity] -> ok honnoji-decision__chosokabe__hosokawa_fujitaka__varied-a-l4__baseline-b-l3__judge-deepseek-v3.2-thinking-explicitly-off__repeat-4 21453ms
[judge-sensitivity] judge honnoji-decision__chosokabe__hosokawa_fujitaka__varied-a-l4__baseline-b-l3__judge-deepseek-r1-thinking-explicitly-on__repeat-4
[judge-sensitivity] -> ok honnoji-decision__chosokabe__hosokawa_fujitaka__varied-a-l4__baseline-b-l3__judge-deepseek-v3.2-thinking-explicitly-on__repeat-9 36480ms
[judge-sensitivity] judge honnoji-decision__chosokabe__hosokawa_fujitaka__varied-a-l4__baseline-b-l3__judge-deepseek-r1-thinking-explicitly-on__repeat-5
[judge-sensitivity] -> ok honnoji-decision__chosokabe__hosokawa_fujitaka__varied-a-l4__baseline-b-l3__judge-deepseek-v3.2-thinking-explicitly-off__repeat-5 23033ms
[judge-sensitivity] judge honnoji-decision__chosokabe__hosokawa_fujitaka__varied-a-l4__baseline-b-l3__judge-deepseek-r1-thinking-explicitly-on__repeat-6
[judge-sensitivity] -> ok honnoji-decision__chosokabe__hosokawa_fujitaka__varied-a-l4__baseline-b-l3__judge-deepseek-v4-flash-thinking-explicitly-on__repeat-8 94421ms
[judge-sensitivity] judge honnoji-decision__chosokabe__hosokawa_fujitaka__varied-a-l4__baseline-b-l3__judge-deepseek-r1-thinking-explicitly-on__repeat-7
[judge-sensitivity] -> ok honnoji-decision__chosokabe__hosokawa_fujitaka__varied-a-l4__baseline-b-l3__judge-deepseek-v3.2-thinking-explicitly-on__repeat-6 52197ms
[judge-sensitivity] judge honnoji-decision__chosokabe__hosokawa_fujitaka__varied-a-l4__baseline-b-l3__judge-deepseek-r1-thinking-explicitly-on__repeat-8
[judge-sensitivity] -> ok honnoji-decision__chosokabe__hosokawa_fujitaka__varied-a-l4__baseline-b-l3__judge-deepseek-v4-pro-thinking-explicitly-on__repeat-10 106064ms
[judge-sensitivity] judge honnoji-decision__chosokabe__hosokawa_fujitaka__varied-a-l4__baseline-b-l3__judge-deepseek-r1-thinking-explicitly-on__repeat-9
[judge-sensitivity] -> ok honnoji-decision__chosokabe__hosokawa_fujitaka__varied-a-l4__baseline-b-l3__judge-deepseek-v3.2-thinking-explicitly-on__repeat-7 52529ms
[judge-sensitivity] judge honnoji-decision__chosokabe__hosokawa_fujitaka__varied-a-l4__baseline-b-l3__judge-deepseek-r1-thinking-explicitly-on__repeat-10
[judge-sensitivity] -> ok honnoji-decision__chosokabe__hosokawa_fujitaka__varied-a-l3__baseline-b-l3__judge-qwen3.6-35b-a3b-thinking-explicitly-on__repeat-2 385703ms
[judge-sensitivity] judge honnoji-decision__chosokabe__hosokawa_fujitaka__varied-a-l4__baseline-b-l3__judge-deepseek-r1-thinking-explicitly-off__repeat-2
[judge-sensitivity] -> ok honnoji-decision__chosokabe__hosokawa_fujitaka__varied-a-l4__baseline-b-l3__judge-deepseek-v3.2-thinking-explicitly-off__repeat-6 26247ms
[judge-sensitivity] judge honnoji-decision__chosokabe__hosokawa_fujitaka__varied-a-l4__baseline-b-l3__judge-deepseek-r1-thinking-explicitly-off__repeat-3
[judge-sensitivity] -> ok honnoji-decision__chosokabe__hosokawa_fujitaka__varied-a-l4__baseline-b-l3__judge-deepseek-v3.2-thinking-explicitly-on__repeat-4 67289ms
[judge-sensitivity] judge honnoji-decision__chosokabe__hosokawa_fujitaka__varied-a-l4__baseline-b-l3__judge-deepseek-r1-thinking-explicitly-off__repeat-4
[judge-sensitivity] -> ok honnoji-decision__chosokabe__hosokawa_fujitaka__varied-a-l4__baseline-b-l3__judge-deepseek-v3.2-thinking-explicitly-off__repeat-9 24645ms
[judge-sensitivity] judge honnoji-decision__chosokabe__hosokawa_fujitaka__varied-a-l4__baseline-b-l3__judge-deepseek-r1-thinking-explicitly-off__repeat-5
[judge-sensitivity] -> ok honnoji-decision__chosokabe__hosokawa_fujitaka__varied-a-l4__baseline-b-l3__judge-deepseek-v4-flash-thinking-explicitly-on__repeat-6 108308ms
[judge-sensitivity] judge honnoji-decision__chosokabe__hosokawa_fujitaka__varied-a-l4__baseline-b-l3__judge-deepseek-r1-thinking-explicitly-off__repeat-6
[judge-sensitivity] -> ok honnoji-decision__chosokabe__hosokawa_fujitaka__varied-a-l4__baseline-b-l3__judge-deepseek-v3.2-thinking-explicitly-off__repeat-7 27978ms
[judge-sensitivity] judge honnoji-decision__chosokabe__hosokawa_fujitaka__varied-a-l4__baseline-b-l3__judge-deepseek-r1-thinking-explicitly-off__repeat-7
[judge-sensitivity] -> ok honnoji-decision__chosokabe__hosokawa_fujitaka__varied-a-l3__baseline-b-l3__judge-glm-5.2-thinking-explicitly-on__repeat-8 226458ms
[judge-sensitivity] judge honnoji-decision__chosokabe__hosokawa_fujitaka__varied-a-l4__baseline-b-l3__judge-deepseek-r1-thinking-explicitly-off__repeat-8
[judge-sensitivity] -> ok honnoji-decision__chosokabe__hosokawa_fujitaka__varied-a-l3__baseline-b-l3__judge-qwen3.6-35b-a3b-thinking-explicitly-on__repeat-1 397321ms
[judge-sensitivity] judge honnoji-decision__chosokabe__hosokawa_fujitaka__varied-a-l4__baseline-b-l3__judge-deepseek-r1-thinking-explicitly-off__repeat-9
[judge-sensitivity] -> ok honnoji-decision__chosokabe__hosokawa_fujitaka__varied-a-l4__baseline-b-l3__judge-deepseek-v3.2-thinking-explicitly-off__repeat-8 33806ms
[judge-sensitivity] judge honnoji-decision__chosokabe__hosokawa_fujitaka__varied-a-l4__baseline-b-l3__judge-deepseek-r1-thinking-explicitly-off__repeat-10
[judge-sensitivity] -> ok honnoji-decision__chosokabe__hosokawa_fujitaka__varied-a-l4__baseline-b-l3__judge-deepseek-v3.2-thinking-explicitly-off__repeat-10 34105ms
[judge-sensitivity] judge honnoji-decision__chosokabe__hosokawa_fujitaka__varied-a-l4__baseline-b-l3__judge-kimi-k2.7-code-thinking-always-on__repeat-2
[judge-sensitivity] -> ok honnoji-decision__chosokabe__hosokawa_fujitaka__varied-a-l3__baseline-b-l3__judge-qwen3.6-35b-a3b-thinking-explicitly-on__repeat-10 386326ms
[judge-sensitivity] judge honnoji-decision__chosokabe__hosokawa_fujitaka__varied-a-l4__baseline-b-l3__judge-kimi-k2.7-code-thinking-always-on__repeat-3
[judge-sensitivity] -> ok honnoji-decision__chosokabe__hosokawa_fujitaka__varied-a-l4__baseline-b-l3__judge-deepseek-r1-thinking-explicitly-off__repeat-5 14148ms
[judge-sensitivity] judge honnoji-decision__chosokabe__hosokawa_fujitaka__varied-a-l4__baseline-b-l3__judge-kimi-k2.7-code-thinking-always-on__repeat-4
[judge-sensitivity] -> ok honnoji-decision__chosokabe__hosokawa_fujitaka__varied-a-l4__baseline-b-l3__judge-deepseek-r1-thinking-explicitly-off__repeat-4 17384ms
[judge-sensitivity] judge honnoji-decision__chosokabe__hosokawa_fujitaka__varied-a-l4__baseline-b-l3__judge-kimi-k2.7-code-thinking-always-on__repeat-5
[judge-sensitivity] -> ok honnoji-decision__chosokabe__hosokawa_fujitaka__varied-a-l4__baseline-b-l3__judge-deepseek-r1-thinking-explicitly-off__repeat-7 16129ms
[judge-sensitivity] judge honnoji-decision__chosokabe__hosokawa_fujitaka__varied-a-l4__baseline-b-l3__judge-kimi-k2.7-code-thinking-always-on__repeat-6
[judge-sensitivity] -> ok honnoji-decision__chosokabe__hosokawa_fujitaka__varied-a-l2__baseline-b-l3__judge-glm-5.2-thinking-explicitly-on__repeat-9 674423ms
[judge-sensitivity] judge honnoji-decision__chosokabe__hosokawa_fujitaka__varied-a-l4__baseline-b-l3__judge-kimi-k2.7-code-thinking-always-on__repeat-7
[judge-sensitivity] -> ok honnoji-decision__chosokabe__hosokawa_fujitaka__varied-a-l4__baseline-b-l3__judge-deepseek-r1-thinking-explicitly-off__repeat-3 20631ms
[judge-sensitivity] judge honnoji-decision__chosokabe__hosokawa_fujitaka__varied-a-l4__baseline-b-l3__judge-kimi-k2.7-code-thinking-always-on__repeat-8
[judge-sensitivity] -> ok honnoji-decision__chosokabe__hosokawa_fujitaka__varied-a-l4__baseline-b-l3__judge-deepseek-r1-thinking-explicitly-off__repeat-2 22119ms
[judge-sensitivity] judge honnoji-decision__chosokabe__hosokawa_fujitaka__varied-a-l4__baseline-b-l3__judge-kimi-k2.7-code-thinking-always-on__repeat-9
[judge-sensitivity] -> ok honnoji-decision__chosokabe__hosokawa_fujitaka__varied-a-l4__baseline-b-l3__judge-deepseek-r1-thinking-explicitly-off__repeat-6 21107ms
[judge-sensitivity] judge honnoji-decision__chosokabe__hosokawa_fujitaka__varied-a-l4__baseline-b-l3__judge-kimi-k2.7-code-thinking-always-on__repeat-10
[judge-sensitivity] -> ok honnoji-decision__chosokabe__hosokawa_fujitaka__varied-a-l4__baseline-b-l3__judge-deepseek-v3.2-thinking-explicitly-on__repeat-8 81889ms
[judge-sensitivity] judge honnoji-decision__chosokabe__hosokawa_fujitaka__varied-a-l4__baseline-b-l3__judge-kimi-k2.6-thinking-explicitly-on__repeat-2
[judge-sensitivity] -> ok honnoji-decision__chosokabe__hosokawa_fujitaka__varied-a-l4__baseline-b-l3__judge-deepseek-r1-thinking-explicitly-off__repeat-10 16299ms
[judge-sensitivity] judge honnoji-decision__chosokabe__hosokawa_fujitaka__varied-a-l4__baseline-b-l3__judge-kimi-k2.6-thinking-explicitly-on__repeat-3
[judge-sensitivity] -> ok honnoji-decision__chosokabe__hosokawa_fujitaka__varied-a-l4__baseline-b-l3__judge-deepseek-r1-thinking-explicitly-off__repeat-9 16882ms
[judge-sensitivity] judge honnoji-decision__chosokabe__hosokawa_fujitaka__varied-a-l4__baseline-b-l3__judge-kimi-k2.6-thinking-explicitly-on__repeat-4
[judge-sensitivity] -> ok honnoji-decision__chosokabe__hosokawa_fujitaka__varied-a-l4__baseline-b-l3__judge-deepseek-v4-pro-thinking-explicitly-on__repeat-5 156992ms
[judge-sensitivity] judge honnoji-decision__chosokabe__hosokawa_fujitaka__varied-a-l4__baseline-b-l3__judge-kimi-k2.6-thinking-explicitly-on__repeat-5
[judge-sensitivity] -> ok honnoji-decision__chosokabe__hosokawa_fujitaka__varied-a-l4__baseline-b-l3__judge-deepseek-r1-thinking-explicitly-off__repeat-8 30583ms
[judge-sensitivity] judge honnoji-decision__chosokabe__hosokawa_fujitaka__varied-a-l4__baseline-b-l3__judge-kimi-k2.6-thinking-explicitly-on__repeat-6
[judge-sensitivity] -> ok honnoji-decision__chosokabe__hosokawa_fujitaka__varied-a-l4__baseline-b-l3__judge-deepseek-r1-thinking-explicitly-on__repeat-10 47794ms
[judge-sensitivity] judge honnoji-decision__chosokabe__hosokawa_fujitaka__varied-a-l4__baseline-b-l3__judge-kimi-k2.6-thinking-explicitly-on__repeat-7
[judge-sensitivity] -> ok honnoji-decision__chosokabe__hosokawa_fujitaka__varied-a-l4__baseline-b-l3__judge-deepseek-v4-flash-thinking-explicitly-on__repeat-3 153567ms
[judge-sensitivity] judge honnoji-decision__chosokabe__hosokawa_fujitaka__varied-a-l4__baseline-b-l3__judge-kimi-k2.6-thinking-explicitly-on__repeat-8
[judge-sensitivity] -> ok honnoji-decision__chosokabe__hosokawa_fujitaka__varied-a-l4__baseline-b-l3__judge-deepseek-v3.2-thinking-explicitly-on__repeat-10 99724ms
[judge-sensitivity] judge honnoji-decision__chosokabe__hosokawa_fujitaka__varied-a-l4__baseline-b-l3__judge-kimi-k2.6-thinking-explicitly-on__repeat-9
[judge-sensitivity] -> ok honnoji-decision__chosokabe__hosokawa_fujitaka__varied-a-l4__baseline-b-l3__judge-deepseek-v4-pro-thinking-explicitly-on__repeat-2 188122ms
[judge-sensitivity] judge honnoji-decision__chosokabe__hosokawa_fujitaka__varied-a-l4__baseline-b-l3__judge-kimi-k2.6-thinking-explicitly-on__repeat-10
[judge-sensitivity] -> ok honnoji-decision__chosokabe__hosokawa_fujitaka__varied-a-l4__baseline-b-l3__judge-deepseek-r1-thinking-explicitly-on__repeat-5 80380ms
[judge-sensitivity] judge honnoji-decision__chosokabe__hosokawa_fujitaka__varied-a-l4__baseline-b-l3__judge-kimi-k2.6-thinking-explicitly-off__repeat-2
[judge-sensitivity] -> ok honnoji-decision__chosokabe__hosokawa_fujitaka__varied-a-l4__baseline-b-l3__judge-deepseek-r1-thinking-explicitly-on__repeat-6 94245ms
[judge-sensitivity] judge honnoji-decision__chosokabe__hosokawa_fujitaka__varied-a-l4__baseline-b-l3__judge-kimi-k2.6-thinking-explicitly-off__repeat-3
[judge-sensitivity] -> ok honnoji-decision__chosokabe__hosokawa_fujitaka__varied-a-l4__baseline-b-l3__judge-deepseek-r1-thinking-explicitly-on__repeat-3 101327ms
[judge-sensitivity] judge honnoji-decision__chosokabe__hosokawa_fujitaka__varied-a-l4__baseline-b-l3__judge-kimi-k2.6-thinking-explicitly-off__repeat-4
[judge-sensitivity] -> ok honnoji-decision__chosokabe__hosokawa_fujitaka__varied-a-l4__baseline-b-l3__judge-deepseek-r1-thinking-explicitly-on__repeat-4 102536ms
[judge-sensitivity] judge honnoji-decision__chosokabe__hosokawa_fujitaka__varied-a-l4__baseline-b-l3__judge-kimi-k2.6-thinking-explicitly-off__repeat-5
[judge-sensitivity] -> ok honnoji-decision__chosokabe__hosokawa_fujitaka__varied-a-l4__baseline-b-l3__judge-kimi-k2.6-thinking-explicitly-off__repeat-2 19355ms
[judge-sensitivity] judge honnoji-decision__chosokabe__hosokawa_fujitaka__varied-a-l4__baseline-b-l3__judge-kimi-k2.6-thinking-explicitly-off__repeat-6
[judge-sensitivity] -> ok honnoji-decision__chosokabe__hosokawa_fujitaka__varied-a-l4__baseline-b-l3__judge-deepseek-r1-thinking-explicitly-on__repeat-2 104059ms
[judge-sensitivity] judge honnoji-decision__chosokabe__hosokawa_fujitaka__varied-a-l4__baseline-b-l3__judge-kimi-k2.6-thinking-explicitly-off__repeat-7
[judge-sensitivity] -> ok honnoji-decision__chosokabe__hosokawa_fujitaka__varied-a-l3__baseline-b-l3__judge-qwen3.6-35b-a3b-thinking-explicitly-on__repeat-9 466302ms
[judge-sensitivity] judge honnoji-decision__chosokabe__hosokawa_fujitaka__varied-a-l4__baseline-b-l3__judge-kimi-k2.6-thinking-explicitly-off__repeat-8
[judge-sensitivity] -> ok honnoji-decision__chosokabe__hosokawa_fujitaka__varied-a-l4__baseline-b-l3__judge-deepseek-r1-thinking-explicitly-on__repeat-8 98129ms
[judge-sensitivity] judge honnoji-decision__chosokabe__hosokawa_fujitaka__varied-a-l4__baseline-b-l3__judge-kimi-k2.6-thinking-explicitly-off__repeat-9
[judge-sensitivity] -> ok honnoji-decision__chosokabe__hosokawa_fujitaka__varied-a-l4__baseline-b-l3__judge-deepseek-r1-thinking-explicitly-on__repeat-7 107048ms
[judge-sensitivity] judge honnoji-decision__chosokabe__hosokawa_fujitaka__varied-a-l4__baseline-b-l3__judge-kimi-k2.6-thinking-explicitly-off__repeat-10
[judge-sensitivity] -> ok honnoji-decision__chosokabe__hosokawa_fujitaka__varied-a-l4__baseline-b-l3__judge-deepseek-r1-thinking-explicitly-on__repeat-9 103654ms
[judge-sensitivity] judge honnoji-decision__chosokabe__hosokawa_fujitaka__varied-a-l4__baseline-b-l3__judge-qwen3.6-35b-a3b-thinking-explicitly-on__repeat-2
[judge-sensitivity] -> ok honnoji-decision__chosokabe__hosokawa_fujitaka__varied-a-l4__baseline-b-l3__judge-kimi-k2.6-thinking-explicitly-off__repeat-4 19229ms
[judge-sensitivity] judge honnoji-decision__chosokabe__hosokawa_fujitaka__varied-a-l4__baseline-b-l3__judge-qwen3.6-35b-a3b-thinking-explicitly-on__repeat-3
[judge-sensitivity] -> ok honnoji-decision__chosokabe__hosokawa_fujitaka__varied-a-l4__baseline-b-l3__judge-kimi-k2.6-thinking-explicitly-off__repeat-3 27130ms
[judge-sensitivity] judge honnoji-decision__chosokabe__hosokawa_fujitaka__varied-a-l4__baseline-b-l3__judge-qwen3.6-35b-a3b-thinking-explicitly-on__repeat-4
[judge-sensitivity] -> ok honnoji-decision__chosokabe__hosokawa_fujitaka__varied-a-l4__baseline-b-l3__judge-kimi-k2.6-thinking-explicitly-off__repeat-5 23340ms
[judge-sensitivity] judge honnoji-decision__chosokabe__hosokawa_fujitaka__varied-a-l4__baseline-b-l3__judge-qwen3.6-35b-a3b-thinking-explicitly-on__repeat-5
[judge-sensitivity] -> ok honnoji-decision__chosokabe__hosokawa_fujitaka__varied-a-l4__baseline-b-l3__judge-kimi-k2.6-thinking-explicitly-off__repeat-8 23033ms
[judge-sensitivity] judge honnoji-decision__chosokabe__hosokawa_fujitaka__varied-a-l4__baseline-b-l3__judge-qwen3.6-35b-a3b-thinking-explicitly-on__repeat-6
[judge-sensitivity] -> ok honnoji-decision__chosokabe__hosokawa_fujitaka__varied-a-l4__baseline-b-l3__judge-kimi-k2.6-thinking-explicitly-off__repeat-6 26223ms
[judge-sensitivity] judge honnoji-decision__chosokabe__hosokawa_fujitaka__varied-a-l4__baseline-b-l3__judge-qwen3.6-35b-a3b-thinking-explicitly-on__repeat-7
[judge-sensitivity] -> ok honnoji-decision__chosokabe__hosokawa_fujitaka__varied-a-l4__baseline-b-l3__judge-kimi-k2.6-thinking-explicitly-off__repeat-9 22913ms
[judge-sensitivity] judge honnoji-decision__chosokabe__hosokawa_fujitaka__varied-a-l4__baseline-b-l3__judge-qwen3.6-35b-a3b-thinking-explicitly-on__repeat-8
[judge-sensitivity] -> ok honnoji-decision__chosokabe__hosokawa_fujitaka__varied-a-l3__baseline-b-l3__judge-glm-5.2-thinking-explicitly-on__repeat-4 342225ms
[judge-sensitivity] judge honnoji-decision__chosokabe__hosokawa_fujitaka__varied-a-l4__baseline-b-l3__judge-qwen3.6-35b-a3b-thinking-explicitly-on__repeat-9
[judge-sensitivity] -> ok honnoji-decision__chosokabe__hosokawa_fujitaka__varied-a-l4__baseline-b-l3__judge-kimi-k2.7-code-thinking-always-on__repeat-4 102427ms
[judge-sensitivity] judge honnoji-decision__chosokabe__hosokawa_fujitaka__varied-a-l4__baseline-b-l3__judge-qwen3.6-35b-a3b-thinking-explicitly-on__repeat-10
[judge-sensitivity] -> ok honnoji-decision__chosokabe__hosokawa_fujitaka__varied-a-l4__baseline-b-l3__judge-kimi-k2.6-thinking-explicitly-on__repeat-3 96091ms
[judge-sensitivity] judge honnoji-decision__chosokabe__hosokawa_fujitaka__varied-a-l4__baseline-b-l3__judge-qwen3.6-35b-a3b-thinking-explicitly-off__repeat-2
[judge-sensitivity] -> ok honnoji-decision__chosokabe__hosokawa_fujitaka__varied-a-l4__baseline-b-l3__judge-kimi-k2.6-thinking-explicitly-off__repeat-7 35912ms
[judge-sensitivity] judge honnoji-decision__chosokabe__hosokawa_fujitaka__varied-a-l4__baseline-b-l3__judge-qwen3.6-35b-a3b-thinking-explicitly-off__repeat-3
[judge-sensitivity] -> ok honnoji-decision__chosokabe__hosokawa_fujitaka__varied-a-l4__baseline-b-l3__judge-kimi-k2.6-thinking-explicitly-off__repeat-10 26457ms
[judge-sensitivity] judge honnoji-decision__chosokabe__hosokawa_fujitaka__varied-a-l4__baseline-b-l3__judge-qwen3.6-35b-a3b-thinking-explicitly-off__repeat-4
[judge-sensitivity] -> ok honnoji-decision__chosokabe__hosokawa_fujitaka__varied-a-l4__baseline-b-l3__judge-kimi-k2.7-code-thinking-always-on__repeat-2 110816ms
[judge-sensitivity] judge honnoji-decision__chosokabe__hosokawa_fujitaka__varied-a-l4__baseline-b-l3__judge-qwen3.6-35b-a3b-thinking-explicitly-off__repeat-5
[judge-sensitivity] -> ok honnoji-decision__chosokabe__hosokawa_fujitaka__varied-a-l4__baseline-b-l3__judge-kimi-k2.7-code-thinking-always-on__repeat-8 112428ms
[judge-sensitivity] judge honnoji-decision__chosokabe__hosokawa_fujitaka__varied-a-l4__baseline-b-l3__judge-qwen3.6-35b-a3b-thinking-explicitly-off__repeat-6
[judge-sensitivity] -> ok honnoji-decision__chosokabe__hosokawa_fujitaka__varied-a-l4__baseline-b-l3__judge-kimi-k2.7-code-thinking-always-on__repeat-6 112865ms
[judge-sensitivity] judge honnoji-decision__chosokabe__hosokawa_fujitaka__varied-a-l4__baseline-b-l3__judge-qwen3.6-35b-a3b-thinking-explicitly-off__repeat-7
[judge-sensitivity] -> ok honnoji-decision__chosokabe__hosokawa_fujitaka__varied-a-l4__baseline-b-l3__judge-qwen3.6-35b-a3b-thinking-explicitly-off__repeat-2 12890ms
[judge-sensitivity] judge honnoji-decision__chosokabe__hosokawa_fujitaka__varied-a-l4__baseline-b-l3__judge-qwen3.6-35b-a3b-thinking-explicitly-off__repeat-8
[judge-sensitivity] -> ok honnoji-decision__chosokabe__hosokawa_fujitaka__varied-a-l4__baseline-b-l3__judge-kimi-k2.6-thinking-explicitly-on__repeat-5 101114ms
[judge-sensitivity] judge honnoji-decision__chosokabe__hosokawa_fujitaka__varied-a-l4__baseline-b-l3__judge-qwen3.6-35b-a3b-thinking-explicitly-off__repeat-9
[judge-sensitivity] -> ok honnoji-decision__chosokabe__hosokawa_fujitaka__varied-a-l4__baseline-b-l3__judge-qwen3.6-35b-a3b-thinking-explicitly-off__repeat-3 13396ms
[judge-sensitivity] judge honnoji-decision__chosokabe__hosokawa_fujitaka__varied-a-l4__baseline-b-l3__judge-qwen3.6-35b-a3b-thinking-explicitly-off__repeat-10
[judge-sensitivity] -> ok honnoji-decision__chosokabe__hosokawa_fujitaka__varied-a-l4__baseline-b-l3__judge-kimi-k2.7-code-thinking-always-on__repeat-10 113264ms
[judge-sensitivity] judge honnoji-decision__chosokabe__hosokawa_fujitaka__varied-a-l4__baseline-b-l3__judge-qwen3.6-27b-thinking-explicitly-on__repeat-2
[judge-sensitivity] -> ok honnoji-decision__chosokabe__hosokawa_fujitaka__varied-a-l4__baseline-b-l3__judge-qwen3.6-35b-a3b-thinking-explicitly-off__repeat-5 13960ms
[judge-sensitivity] judge honnoji-decision__chosokabe__hosokawa_fujitaka__varied-a-l4__baseline-b-l3__judge-qwen3.6-27b-thinking-explicitly-on__repeat-3
[judge-sensitivity] -> ok honnoji-decision__chosokabe__hosokawa_fujitaka__varied-a-l4__baseline-b-l3__judge-qwen3.6-35b-a3b-thinking-explicitly-off__repeat-4 15201ms
[judge-sensitivity] judge honnoji-decision__chosokabe__hosokawa_fujitaka__varied-a-l4__baseline-b-l3__judge-qwen3.6-27b-thinking-explicitly-on__repeat-4
[judge-sensitivity] -> ok honnoji-decision__chosokabe__hosokawa_fujitaka__varied-a-l4__baseline-b-l3__judge-kimi-k2.7-code-thinking-always-on__repeat-3 128602ms
[judge-sensitivity] judge honnoji-decision__chosokabe__hosokawa_fujitaka__varied-a-l4__baseline-b-l3__judge-qwen3.6-27b-thinking-explicitly-on__repeat-5
[judge-sensitivity] -> ok honnoji-decision__chosokabe__hosokawa_fujitaka__varied-a-l4__baseline-b-l3__judge-qwen3.6-35b-a3b-thinking-explicitly-off__repeat-9 8100ms
[judge-sensitivity] judge honnoji-decision__chosokabe__hosokawa_fujitaka__varied-a-l4__baseline-b-l3__judge-qwen3.6-27b-thinking-explicitly-on__repeat-6
[judge-sensitivity] -> ok honnoji-decision__chosokabe__hosokawa_fujitaka__varied-a-l4__baseline-b-l3__judge-kimi-k2.6-thinking-explicitly-on__repeat-2 119662ms
[judge-sensitivity] judge honnoji-decision__chosokabe__hosokawa_fujitaka__varied-a-l4__baseline-b-l3__judge-qwen3.6-27b-thinking-explicitly-on__repeat-7
[judge-sensitivity] -> ok honnoji-decision__chosokabe__hosokawa_fujitaka__varied-a-l4__baseline-b-l3__judge-qwen3.6-35b-a3b-thinking-explicitly-off__repeat-7 14106ms
[judge-sensitivity] judge honnoji-decision__chosokabe__hosokawa_fujitaka__varied-a-l4__baseline-b-l3__judge-qwen3.6-27b-thinking-explicitly-on__repeat-8
[judge-sensitivity] -> ok honnoji-decision__chosokabe__hosokawa_fujitaka__varied-a-l4__baseline-b-l3__judge-kimi-k2.7-code-thinking-always-on__repeat-5 130419ms
[judge-sensitivity] judge honnoji-decision__chosokabe__hosokawa_fujitaka__varied-a-l4__baseline-b-l3__judge-qwen3.6-27b-thinking-explicitly-on__repeat-9
[judge-sensitivity] -> ok honnoji-decision__chosokabe__hosokawa_fujitaka__varied-a-l4__baseline-b-l3__judge-qwen3.6-35b-a3b-thinking-explicitly-off__repeat-8 14029ms
[judge-sensitivity] judge honnoji-decision__chosokabe__hosokawa_fujitaka__varied-a-l4__baseline-b-l3__judge-qwen3.6-27b-thinking-explicitly-on__repeat-10
[judge-sensitivity] -> ok honnoji-decision__chosokabe__hosokawa_fujitaka__varied-a-l4__baseline-b-l3__judge-qwen3.6-35b-a3b-thinking-explicitly-off__repeat-10 13365ms
[judge-sensitivity] judge honnoji-decision__chosokabe__hosokawa_fujitaka__varied-a-l4__baseline-b-l3__judge-qwen3.6-27b-thinking-explicitly-off__repeat-2
[judge-sensitivity] -> ok honnoji-decision__chosokabe__hosokawa_fujitaka__varied-a-l4__baseline-b-l3__judge-kimi-k2.6-thinking-explicitly-on__repeat-7 112620ms
[judge-sensitivity] judge honnoji-decision__chosokabe__hosokawa_fujitaka__varied-a-l4__baseline-b-l3__judge-qwen3.6-27b-thinking-explicitly-off__repeat-3
[judge-sensitivity] -> ok honnoji-decision__chosokabe__hosokawa_fujitaka__varied-a-l4__baseline-b-l3__judge-qwen3.6-35b-a3b-thinking-explicitly-off__repeat-6 24859ms
[judge-sensitivity] judge honnoji-decision__chosokabe__hosokawa_fujitaka__varied-a-l4__baseline-b-l3__judge-qwen3.6-27b-thinking-explicitly-off__repeat-4
[judge-sensitivity] -> ok honnoji-decision__chosokabe__hosokawa_fujitaka__varied-a-l4__baseline-b-l3__judge-kimi-k2.7-code-thinking-always-on__repeat-9 143795ms
[judge-sensitivity] judge honnoji-decision__chosokabe__hosokawa_fujitaka__varied-a-l4__baseline-b-l3__judge-qwen3.6-27b-thinking-explicitly-off__repeat-5
[judge-sensitivity] -> ok honnoji-decision__chosokabe__hosokawa_fujitaka__varied-a-l4__baseline-b-l3__judge-qwen3.6-27b-thinking-explicitly-off__repeat-2 14186ms
[judge-sensitivity] judge honnoji-decision__chosokabe__hosokawa_fujitaka__varied-a-l4__baseline-b-l3__judge-qwen3.6-27b-thinking-explicitly-off__repeat-6
[judge-sensitivity] -> ok honnoji-decision__chosokabe__hosokawa_fujitaka__varied-a-l3__baseline-b-l3__judge-glm-5.2-thinking-explicitly-on__repeat-9 386282ms
[judge-sensitivity] judge honnoji-decision__chosokabe__hosokawa_fujitaka__varied-a-l4__baseline-b-l3__judge-qwen3.6-27b-thinking-explicitly-off__repeat-7
[judge-sensitivity] -> ok honnoji-decision__chosokabe__hosokawa_fujitaka__varied-a-l4__baseline-b-l3__judge-kimi-k2.6-thinking-explicitly-on__repeat-6 132335ms
[judge-sensitivity] judge honnoji-decision__chosokabe__hosokawa_fujitaka__varied-a-l4__baseline-b-l3__judge-qwen3.6-27b-thinking-explicitly-off__repeat-8
[judge-sensitivity] -> ok honnoji-decision__chosokabe__hosokawa_fujitaka__varied-a-l4__baseline-b-l3__judge-qwen3.6-27b-thinking-explicitly-off__repeat-3 20819ms
[judge-sensitivity] judge honnoji-decision__chosokabe__hosokawa_fujitaka__varied-a-l4__baseline-b-l3__judge-qwen3.6-27b-thinking-explicitly-off__repeat-9
[judge-sensitivity] -> ok honnoji-decision__chosokabe__hosokawa_fujitaka__varied-a-l4__baseline-b-l3__judge-qwen3.6-27b-thinking-explicitly-off__repeat-4 30253ms
[judge-sensitivity] judge honnoji-decision__chosokabe__hosokawa_fujitaka__varied-a-l4__baseline-b-l3__judge-qwen3.6-27b-thinking-explicitly-off__repeat-10
[judge-sensitivity] -> ok honnoji-decision__chosokabe__hosokawa_fujitaka__varied-a-l4__baseline-b-l3__judge-qwen3.6-27b-thinking-explicitly-off__repeat-7 22405ms
[judge-sensitivity] judge honnoji-decision__chosokabe__hosokawa_fujitaka__varied-a-l4__baseline-b-l3__judge-qwen3.5-397b-thinking-explicitly-on__repeat-2
[judge-sensitivity] -> ok honnoji-decision__chosokabe__hosokawa_fujitaka__varied-a-l4__baseline-b-l3__judge-qwen3.6-27b-thinking-explicitly-off__repeat-6 26110ms
[judge-sensitivity] judge honnoji-decision__chosokabe__hosokawa_fujitaka__varied-a-l4__baseline-b-l3__judge-qwen3.5-397b-thinking-explicitly-on__repeat-3
[judge-sensitivity] -> ok honnoji-decision__chosokabe__hosokawa_fujitaka__varied-a-l4__baseline-b-l3__judge-kimi-k2.6-thinking-explicitly-on__repeat-4 165591ms
[judge-sensitivity] judge honnoji-decision__chosokabe__hosokawa_fujitaka__varied-a-l4__baseline-b-l3__judge-qwen3.5-397b-thinking-explicitly-on__repeat-4
[judge-sensitivity] -> ok honnoji-decision__chosokabe__hosokawa_fujitaka__varied-a-l4__baseline-b-l3__judge-qwen3.6-27b-thinking-explicitly-off__repeat-5 28421ms
[judge-sensitivity] judge honnoji-decision__chosokabe__hosokawa_fujitaka__varied-a-l4__baseline-b-l3__judge-qwen3.5-397b-thinking-explicitly-on__repeat-5
[judge-sensitivity] -> ok honnoji-decision__chosokabe__hosokawa_fujitaka__varied-a-l4__baseline-b-l3__judge-kimi-k2.7-code-thinking-always-on__repeat-7 173588ms
[judge-sensitivity] judge honnoji-decision__chosokabe__hosokawa_fujitaka__varied-a-l4__baseline-b-l3__judge-qwen3.5-397b-thinking-explicitly-on__repeat-6
[judge-sensitivity] -> ok honnoji-decision__chosokabe__hosokawa_fujitaka__varied-a-l4__baseline-b-l3__judge-qwen3.6-27b-thinking-explicitly-off__repeat-9 19576ms
[judge-sensitivity] judge honnoji-decision__chosokabe__hosokawa_fujitaka__varied-a-l4__baseline-b-l3__judge-qwen3.5-397b-thinking-explicitly-on__repeat-7
[judge-sensitivity] -> ok honnoji-decision__chosokabe__hosokawa_fujitaka__varied-a-l4__baseline-b-l3__judge-qwen3.6-35b-a3b-thinking-explicitly-on__repeat-7 84934ms
[judge-sensitivity] judge honnoji-decision__chosokabe__hosokawa_fujitaka__varied-a-l4__baseline-b-l3__judge-qwen3.5-397b-thinking-explicitly-on__repeat-8
[judge-sensitivity] -> ok honnoji-decision__chosokabe__hosokawa_fujitaka__varied-a-l4__baseline-b-l3__judge-qwen3.6-27b-thinking-explicitly-off__repeat-10 17811ms
[judge-sensitivity] judge honnoji-decision__chosokabe__hosokawa_fujitaka__varied-a-l4__baseline-b-l3__judge-qwen3.5-397b-thinking-explicitly-on__repeat-9
[judge-sensitivity] -> ok honnoji-decision__chosokabe__hosokawa_fujitaka__varied-a-l4__baseline-b-l3__judge-kimi-k2.6-thinking-explicitly-on__repeat-9 155540ms
[judge-sensitivity] judge honnoji-decision__chosokabe__hosokawa_fujitaka__varied-a-l4__baseline-b-l3__judge-qwen3.5-397b-thinking-explicitly-on__repeat-10
[judge-sensitivity] -> ok honnoji-decision__chosokabe__hosokawa_fujitaka__varied-a-l4__baseline-b-l3__judge-kimi-k2.6-thinking-explicitly-on__repeat-10 146770ms
[judge-sensitivity] judge honnoji-decision__chosokabe__hosokawa_fujitaka__varied-a-l4__baseline-b-l3__judge-qwen3.5-397b-thinking-explicitly-off__repeat-2
[judge-sensitivity] -> ok honnoji-decision__chosokabe__hosokawa_fujitaka__varied-a-l4__baseline-b-l3__judge-qwen3.6-35b-a3b-thinking-explicitly-on__repeat-3 107040ms
[judge-sensitivity] judge honnoji-decision__chosokabe__hosokawa_fujitaka__varied-a-l4__baseline-b-l3__judge-qwen3.5-397b-thinking-explicitly-off__repeat-3
[judge-sensitivity] -> ok honnoji-decision__chosokabe__hosokawa_fujitaka__varied-a-l4__baseline-b-l3__judge-qwen3.6-35b-a3b-thinking-explicitly-on__repeat-9 94002ms
[judge-sensitivity] judge honnoji-decision__chosokabe__hosokawa_fujitaka__varied-a-l4__baseline-b-l3__judge-qwen3.5-397b-thinking-explicitly-off__repeat-4
[judge-sensitivity] -> ok honnoji-decision__chosokabe__hosokawa_fujitaka__varied-a-l4__baseline-b-l3__judge-qwen3.6-35b-a3b-thinking-explicitly-on__repeat-6 105226ms
[judge-sensitivity] judge honnoji-decision__chosokabe__hosokawa_fujitaka__varied-a-l4__baseline-b-l3__judge-qwen3.5-397b-thinking-explicitly-off__repeat-5
[judge-sensitivity] -> ok honnoji-decision__chosokabe__hosokawa_fujitaka__varied-a-l4__baseline-b-l3__judge-qwen3.5-397b-thinking-explicitly-off__repeat-4 7456ms
[judge-sensitivity] judge honnoji-decision__chosokabe__hosokawa_fujitaka__varied-a-l4__baseline-b-l3__judge-qwen3.5-397b-thinking-explicitly-off__repeat-6
[judge-sensitivity] -> ok honnoji-decision__chosokabe__hosokawa_fujitaka__varied-a-l4__baseline-b-l3__judge-qwen3.6-35b-a3b-thinking-explicitly-on__repeat-2 121093ms
[judge-sensitivity] judge honnoji-decision__chosokabe__hosokawa_fujitaka__varied-a-l4__baseline-b-l3__judge-qwen3.5-397b-thinking-explicitly-off__repeat-7
[judge-sensitivity] -> ok honnoji-decision__chosokabe__hosokawa_fujitaka__varied-a-l4__baseline-b-l3__judge-qwen3.5-397b-thinking-explicitly-on__repeat-3 29604ms
[judge-sensitivity] judge honnoji-decision__chosokabe__hosokawa_fujitaka__varied-a-l4__baseline-b-l3__judge-qwen3.5-397b-thinking-explicitly-off__repeat-8
[judge-sensitivity] -> ok honnoji-decision__chosokabe__hosokawa_fujitaka__varied-a-l4__baseline-b-l3__judge-qwen3.5-397b-thinking-explicitly-off__repeat-3 8653ms
[judge-sensitivity] judge honnoji-decision__chosokabe__hosokawa_fujitaka__varied-a-l4__baseline-b-l3__judge-qwen3.5-397b-thinking-explicitly-off__repeat-9
[judge-sensitivity] -> ok honnoji-decision__chosokabe__hosokawa_fujitaka__varied-a-l4__baseline-b-l3__judge-qwen3.5-397b-thinking-explicitly-off__repeat-2 9409ms
[judge-sensitivity] judge honnoji-decision__chosokabe__hosokawa_fujitaka__varied-a-l4__baseline-b-l3__judge-qwen3.5-397b-thinking-explicitly-off__repeat-10
[judge-sensitivity] -> ok honnoji-decision__chosokabe__hosokawa_fujitaka__varied-a-l4__baseline-b-l3__judge-qwen3.6-27b-thinking-explicitly-on__repeat-3 82157ms
[judge-sensitivity] judge honnoji-decision__chosokabe__hosokawa_fujitaka__varied-a-l4__baseline-b-l3__judge-glm-5.2-thinking-explicitly-on__repeat-2
[judge-sensitivity] -> ok honnoji-decision__chosokabe__hosokawa_fujitaka__varied-a-l4__baseline-b-l3__judge-qwen3.6-35b-a3b-thinking-explicitly-on__repeat-10 103163ms
[judge-sensitivity] judge honnoji-decision__chosokabe__hosokawa_fujitaka__varied-a-l4__baseline-b-l3__judge-glm-5.2-thinking-explicitly-on__repeat-3
[judge-sensitivity] -> ok honnoji-decision__chosokabe__hosokawa_fujitaka__varied-a-l4__baseline-b-l3__judge-qwen3.5-397b-thinking-explicitly-off__repeat-6 5816ms
[judge-sensitivity] judge honnoji-decision__chosokabe__hosokawa_fujitaka__varied-a-l4__baseline-b-l3__judge-glm-5.2-thinking-explicitly-on__repeat-4
[judge-sensitivity] -> ok honnoji-decision__chosokabe__hosokawa_fujitaka__varied-a-l4__baseline-b-l3__judge-qwen3.5-397b-thinking-explicitly-off__repeat-5 10174ms
[judge-sensitivity] judge honnoji-decision__chosokabe__hosokawa_fujitaka__varied-a-l4__baseline-b-l3__judge-glm-5.2-thinking-explicitly-on__repeat-5
[judge-sensitivity] -> ok honnoji-decision__chosokabe__hosokawa_fujitaka__varied-a-l4__baseline-b-l3__judge-qwen3.5-397b-thinking-explicitly-off__repeat-7 7665ms
[judge-sensitivity] judge honnoji-decision__chosokabe__hosokawa_fujitaka__varied-a-l4__baseline-b-l3__judge-glm-5.2-thinking-explicitly-on__repeat-6
[judge-sensitivity] -> ok honnoji-decision__chosokabe__hosokawa_fujitaka__varied-a-l4__baseline-b-l3__judge-qwen3.5-397b-thinking-explicitly-on__repeat-2 38951ms
[judge-sensitivity] judge honnoji-decision__chosokabe__hosokawa_fujitaka__varied-a-l4__baseline-b-l3__judge-glm-5.2-thinking-explicitly-on__repeat-7
[judge-sensitivity] -> ok honnoji-decision__chosokabe__hosokawa_fujitaka__varied-a-l4__baseline-b-l3__judge-qwen3.5-397b-thinking-explicitly-off__repeat-8 9114ms
[judge-sensitivity] judge honnoji-decision__chosokabe__hosokawa_fujitaka__varied-a-l4__baseline-b-l3__judge-glm-5.2-thinking-explicitly-on__repeat-8
[judge-sensitivity] -> ok honnoji-decision__chosokabe__hosokawa_fujitaka__varied-a-l4__baseline-b-l3__judge-qwen3.5-397b-thinking-explicitly-off__repeat-9 9175ms
[judge-sensitivity] judge honnoji-decision__chosokabe__hosokawa_fujitaka__varied-a-l4__baseline-b-l3__judge-glm-5.2-thinking-explicitly-on__repeat-9
[judge-sensitivity] -> ok honnoji-decision__chosokabe__hosokawa_fujitaka__varied-a-l4__baseline-b-l3__judge-qwen3.6-35b-a3b-thinking-explicitly-on__repeat-5 119675ms
[judge-sensitivity] judge honnoji-decision__chosokabe__hosokawa_fujitaka__varied-a-l4__baseline-b-l3__judge-glm-5.2-thinking-explicitly-on__repeat-10
[judge-sensitivity] -> ok honnoji-decision__chosokabe__hosokawa_fujitaka__varied-a-l4__baseline-b-l3__judge-qwen3.5-397b-thinking-explicitly-off__repeat-10 10136ms
[judge-sensitivity] judge honnoji-decision__chosokabe__hosokawa_fujitaka__varied-a-l4__baseline-b-l3__judge-glm-5.2-thinking-explicitly-off__repeat-2
[judge-sensitivity] -> ok honnoji-decision__chosokabe__hosokawa_fujitaka__varied-a-l4__baseline-b-l3__judge-qwen3.5-397b-thinking-explicitly-on__repeat-4 38858ms
[judge-sensitivity] judge honnoji-decision__chosokabe__hosokawa_fujitaka__varied-a-l4__baseline-b-l3__judge-glm-5.2-thinking-explicitly-off__repeat-3
[judge-sensitivity] -> ok honnoji-decision__chosokabe__hosokawa_fujitaka__varied-a-l4__baseline-b-l3__judge-kimi-k2.6-thinking-explicitly-on__repeat-8 190114ms
[judge-sensitivity] judge honnoji-decision__chosokabe__hosokawa_fujitaka__varied-a-l4__baseline-b-l3__judge-glm-5.2-thinking-explicitly-off__repeat-4
[judge-sensitivity] -> ok honnoji-decision__chosokabe__hosokawa_fujitaka__varied-a-l4__baseline-b-l3__judge-qwen3.5-397b-thinking-explicitly-on__repeat-5 42941ms
[judge-sensitivity] judge honnoji-decision__chosokabe__hosokawa_fujitaka__varied-a-l4__baseline-b-l3__judge-glm-5.2-thinking-explicitly-off__repeat-5
[judge-sensitivity] -> ok honnoji-decision__chosokabe__hosokawa_fujitaka__varied-a-l4__baseline-b-l3__judge-qwen3.6-27b-thinking-explicitly-off__repeat-8 66936ms
[judge-sensitivity] judge honnoji-decision__chosokabe__hosokawa_fujitaka__varied-a-l4__baseline-b-l3__judge-glm-5.2-thinking-explicitly-off__repeat-6
[judge-sensitivity] -> ok honnoji-decision__chosokabe__hosokawa_fujitaka__varied-a-l4__baseline-b-l3__judge-qwen3.6-27b-thinking-explicitly-on__repeat-6 99609ms
[judge-sensitivity] judge honnoji-decision__chosokabe__hosokawa_fujitaka__varied-a-l4__baseline-b-l3__judge-glm-5.2-thinking-explicitly-off__repeat-7
[judge-sensitivity] -> ok honnoji-decision__chosokabe__hosokawa_fujitaka__varied-a-l4__baseline-b-l3__judge-glm-5.2-thinking-explicitly-off__repeat-3 13667ms
[judge-sensitivity] judge honnoji-decision__chosokabe__hosokawa_fujitaka__varied-a-l4__baseline-b-l3__judge-glm-5.2-thinking-explicitly-off__repeat-8
[judge-sensitivity] -> ok honnoji-decision__chosokabe__hosokawa_fujitaka__varied-a-l4__baseline-b-l3__judge-qwen3.5-397b-thinking-explicitly-on__repeat-8 46237ms
[judge-sensitivity] judge honnoji-decision__chosokabe__hosokawa_fujitaka__varied-a-l4__baseline-b-l3__judge-glm-5.2-thinking-explicitly-off__repeat-9
[judge-sensitivity] -> ok honnoji-decision__chosokabe__hosokawa_fujitaka__varied-a-l4__baseline-b-l3__judge-qwen3.6-27b-thinking-explicitly-on__repeat-10 96228ms
[judge-sensitivity] judge honnoji-decision__chosokabe__hosokawa_fujitaka__varied-a-l4__baseline-b-l3__judge-glm-5.2-thinking-explicitly-off__repeat-10
[judge-sensitivity] -> ok honnoji-decision__chosokabe__hosokawa_fujitaka__varied-a-l4__baseline-b-l3__judge-qwen3.6-35b-a3b-thinking-explicitly-on__repeat-4 134935ms
[judge-sensitivity] judge honnoji-decision__chosokabe__hosokawa_fujitaka__varied-a-l4__baseline-b-l3__judge-glm-5.1-thinking-explicitly-on__repeat-2
[judge-sensitivity] -> ok honnoji-decision__chosokabe__hosokawa_fujitaka__varied-a-l4__baseline-b-l3__judge-qwen3.6-27b-thinking-explicitly-on__repeat-2 108453ms
[judge-sensitivity] judge honnoji-decision__chosokabe__hosokawa_fujitaka__varied-a-l4__baseline-b-l3__judge-glm-5.1-thinking-explicitly-on__repeat-3
[judge-sensitivity] -> ok honnoji-decision__chosokabe__hosokawa_fujitaka__varied-a-l4__baseline-b-l3__judge-qwen3.5-397b-thinking-explicitly-on__repeat-6 51941ms
[judge-sensitivity] judge honnoji-decision__chosokabe__hosokawa_fujitaka__varied-a-l4__baseline-b-l3__judge-glm-5.1-thinking-explicitly-on__repeat-4
[judge-sensitivity] -> ok honnoji-decision__chosokabe__hosokawa_fujitaka__varied-a-l4__baseline-b-l3__judge-qwen3.5-397b-thinking-explicitly-on__repeat-9 40069ms
[judge-sensitivity] judge honnoji-decision__chosokabe__hosokawa_fujitaka__varied-a-l4__baseline-b-l3__judge-glm-5.1-thinking-explicitly-on__repeat-5
[judge-sensitivity] -> ok honnoji-decision__chosokabe__hosokawa_fujitaka__varied-a-l4__baseline-b-l3__judge-qwen3.5-397b-thinking-explicitly-on__repeat-7 49007ms
[judge-sensitivity] judge honnoji-decision__chosokabe__hosokawa_fujitaka__varied-a-l4__baseline-b-l3__judge-glm-5.1-thinking-explicitly-on__repeat-6
[judge-sensitivity] -> ok honnoji-decision__chosokabe__hosokawa_fujitaka__varied-a-l4__baseline-b-l3__judge-glm-5.2-thinking-explicitly-off__repeat-2 18390ms
[judge-sensitivity] judge honnoji-decision__chosokabe__hosokawa_fujitaka__varied-a-l4__baseline-b-l3__judge-glm-5.1-thinking-explicitly-on__repeat-7
[judge-sensitivity] -> ok honnoji-decision__chosokabe__hosokawa_fujitaka__varied-a-l4__baseline-b-l3__judge-glm-5.2-thinking-explicitly-off__repeat-5 14392ms
[judge-sensitivity] judge honnoji-decision__chosokabe__hosokawa_fujitaka__varied-a-l4__baseline-b-l3__judge-glm-5.1-thinking-explicitly-on__repeat-8
[judge-sensitivity] -> ok honnoji-decision__chosokabe__hosokawa_fujitaka__varied-a-l4__baseline-b-l3__judge-glm-5.2-thinking-explicitly-off__repeat-6 13990ms
[judge-sensitivity] judge honnoji-decision__chosokabe__hosokawa_fujitaka__varied-a-l4__baseline-b-l3__judge-glm-5.1-thinking-explicitly-on__repeat-9
[judge-sensitivity] -> ok honnoji-decision__chosokabe__hosokawa_fujitaka__varied-a-l4__baseline-b-l3__judge-glm-5.2-thinking-explicitly-off__repeat-4 16264ms
[judge-sensitivity] judge honnoji-decision__chosokabe__hosokawa_fujitaka__varied-a-l4__baseline-b-l3__judge-glm-5.1-thinking-explicitly-on__repeat-10
[judge-sensitivity] -> ok honnoji-decision__chosokabe__hosokawa_fujitaka__varied-a-l4__baseline-b-l3__judge-qwen3.5-397b-thinking-explicitly-on__repeat-10 46801ms
[judge-sensitivity] judge honnoji-decision__chosokabe__hosokawa_fujitaka__varied-a-l4__baseline-b-l3__judge-glm-5.1-thinking-explicitly-off__repeat-2
[judge-sensitivity] -> ok honnoji-decision__chosokabe__hosokawa_fujitaka__varied-a-l4__baseline-b-l3__judge-glm-5.2-thinking-explicitly-off__repeat-8 12418ms
[judge-sensitivity] judge honnoji-decision__chosokabe__hosokawa_fujitaka__varied-a-l4__baseline-b-l3__judge-glm-5.1-thinking-explicitly-off__repeat-3
[judge-sensitivity] -> ok honnoji-decision__chosokabe__hosokawa_fujitaka__varied-a-l4__baseline-b-l3__judge-glm-5.2-thinking-explicitly-off__repeat-10 11909ms
[judge-sensitivity] judge honnoji-decision__chosokabe__hosokawa_fujitaka__varied-a-l4__baseline-b-l3__judge-glm-5.1-thinking-explicitly-off__repeat-4
[judge-sensitivity] -> ok honnoji-decision__chosokabe__hosokawa_fujitaka__varied-a-l4__baseline-b-l3__judge-glm-5.2-thinking-explicitly-off__repeat-9 13538ms
[judge-sensitivity] judge honnoji-decision__chosokabe__hosokawa_fujitaka__varied-a-l4__baseline-b-l3__judge-glm-5.1-thinking-explicitly-off__repeat-5
[judge-sensitivity] -> ok honnoji-decision__chosokabe__hosokawa_fujitaka__varied-a-l4__baseline-b-l3__judge-qwen3.6-27b-thinking-explicitly-on__repeat-5 118394ms
[judge-sensitivity] judge honnoji-decision__chosokabe__hosokawa_fujitaka__varied-a-l4__baseline-b-l3__judge-glm-5.1-thinking-explicitly-off__repeat-6
[judge-sensitivity] -> ok honnoji-decision__chosokabe__hosokawa_fujitaka__varied-a-l4__baseline-b-l3__judge-glm-5.2-thinking-explicitly-off__repeat-7 18775ms
[judge-sensitivity] judge honnoji-decision__chosokabe__hosokawa_fujitaka__varied-a-l4__baseline-b-l3__judge-glm-5.1-thinking-explicitly-off__repeat-7
[judge-sensitivity] -> ok honnoji-decision__chosokabe__hosokawa_fujitaka__varied-a-l4__baseline-b-l3__judge-qwen3.6-27b-thinking-explicitly-on__repeat-9 116493ms
[judge-sensitivity] judge honnoji-decision__chosokabe__hosokawa_fujitaka__varied-a-l4__baseline-b-l3__judge-glm-5.1-thinking-explicitly-off__repeat-8
[judge-sensitivity] -> ok honnoji-decision__chosokabe__hosokawa_fujitaka__varied-a-l4__baseline-b-l3__judge-qwen3.6-35b-a3b-thinking-explicitly-on__repeat-8 151765ms
[judge-sensitivity] judge honnoji-decision__chosokabe__hosokawa_fujitaka__varied-a-l4__baseline-b-l3__judge-glm-5.1-thinking-explicitly-off__repeat-9
[judge-sensitivity] -> ok honnoji-decision__chosokabe__hosokawa_fujitaka__varied-a-l4__baseline-b-l3__judge-glm-5.1-thinking-explicitly-off__repeat-2 11812ms
[judge-sensitivity] judge honnoji-decision__chosokabe__hosokawa_fujitaka__varied-a-l4__baseline-b-l3__judge-glm-5.1-thinking-explicitly-off__repeat-10
[judge-sensitivity] -> ok honnoji-decision__chosokabe__hosokawa_fujitaka__varied-a-l4__baseline-b-l3__judge-qwen3.6-27b-thinking-explicitly-on__repeat-4 130738ms
[judge-sensitivity] judge honnoji-decision__chosokabe__hosokawa_fujitaka__varied-a-l4__baseline-b-l3__judge-minimax-m2.5-thinking-explicitly-on__repeat-2
[judge-sensitivity] -> ok honnoji-decision__chosokabe__hosokawa_fujitaka__varied-a-l4__baseline-b-l3__judge-glm-5.1-thinking-explicitly-off__repeat-4 13734ms
[judge-sensitivity] judge honnoji-decision__chosokabe__hosokawa_fujitaka__varied-a-l4__baseline-b-l3__judge-minimax-m2.5-thinking-explicitly-on__repeat-3
[judge-sensitivity] -> ok honnoji-decision__chosokabe__hosokawa_fujitaka__varied-a-l4__baseline-b-l3__judge-glm-5.1-thinking-explicitly-off__repeat-3 14592ms
[judge-sensitivity] judge honnoji-decision__chosokabe__hosokawa_fujitaka__varied-a-l4__baseline-b-l3__judge-minimax-m2.5-thinking-explicitly-on__repeat-4
[judge-sensitivity] -> ok honnoji-decision__chosokabe__hosokawa_fujitaka__varied-a-l4__baseline-b-l3__judge-qwen3.6-27b-thinking-explicitly-on__repeat-8 126949ms
[judge-sensitivity] judge honnoji-decision__chosokabe__hosokawa_fujitaka__varied-a-l4__baseline-b-l3__judge-minimax-m2.5-thinking-explicitly-on__repeat-5
[judge-sensitivity] -> ok honnoji-decision__chosokabe__hosokawa_fujitaka__varied-a-l4__baseline-b-l3__judge-glm-5.1-thinking-explicitly-off__repeat-7 11747ms
[judge-sensitivity] judge honnoji-decision__chosokabe__hosokawa_fujitaka__varied-a-l4__baseline-b-l3__judge-minimax-m2.5-thinking-explicitly-on__repeat-6
[judge-sensitivity] -> ok honnoji-decision__chosokabe__hosokawa_fujitaka__varied-a-l4__baseline-b-l3__judge-glm-5.1-thinking-explicitly-off__repeat-5 18052ms
[judge-sensitivity] judge honnoji-decision__chosokabe__hosokawa_fujitaka__varied-a-l4__baseline-b-l3__judge-minimax-m2.5-thinking-explicitly-on__repeat-7
[judge-sensitivity] -> ok honnoji-decision__chosokabe__hosokawa_fujitaka__varied-a-l4__baseline-b-l3__judge-glm-5.1-thinking-explicitly-off__repeat-6 13668ms
[judge-sensitivity] judge honnoji-decision__chosokabe__hosokawa_fujitaka__varied-a-l4__baseline-b-l3__judge-minimax-m2.5-thinking-explicitly-on__repeat-8
[judge-sensitivity] -> ok honnoji-decision__chosokabe__hosokawa_fujitaka__varied-a-l4__baseline-b-l3__judge-glm-5.1-thinking-explicitly-off__repeat-10 11957ms
[judge-sensitivity] judge honnoji-decision__chosokabe__hosokawa_fujitaka__varied-a-l4__baseline-b-l3__judge-minimax-m2.5-thinking-explicitly-on__repeat-9
[judge-sensitivity] -> ok honnoji-decision__chosokabe__hosokawa_fujitaka__varied-a-l4__baseline-b-l3__judge-glm-5.1-thinking-explicitly-off__repeat-8 14036ms
[judge-sensitivity] judge honnoji-decision__chosokabe__hosokawa_fujitaka__varied-a-l4__baseline-b-l3__judge-minimax-m2.5-thinking-explicitly-on__repeat-10
[judge-sensitivity] -> ok honnoji-decision__chosokabe__hosokawa_fujitaka__varied-a-l4__baseline-b-l3__judge-glm-5.1-thinking-explicitly-off__repeat-9 15395ms
[judge-sensitivity] judge honnoji-decision__chosokabe__hosokawa_fujitaka__varied-b-l1__baseline-a-l3__judge-deepseek-v4-pro-thinking-explicitly-on__repeat-1
[judge-sensitivity] -> ok honnoji-decision__chosokabe__hosokawa_fujitaka__varied-a-l4__baseline-b-l3__judge-glm-5.1-thinking-explicitly-on__repeat-8 42085ms
[judge-sensitivity] judge honnoji-decision__chosokabe__hosokawa_fujitaka__varied-b-l1__baseline-a-l3__judge-deepseek-v4-pro-thinking-explicitly-on__repeat-2
[judge-sensitivity] -> ok honnoji-decision__chosokabe__hosokawa_fujitaka__varied-a-l4__baseline-b-l3__judge-minimax-m2.5-thinking-explicitly-on__repeat-4 20930ms
[judge-sensitivity] judge honnoji-decision__chosokabe__hosokawa_fujitaka__varied-b-l1__baseline-a-l3__judge-deepseek-v4-pro-thinking-explicitly-on__repeat-3
[judge-sensitivity] -> ok honnoji-decision__chosokabe__hosokawa_fujitaka__varied-a-l4__baseline-b-l3__judge-glm-5.1-thinking-explicitly-on__repeat-4 48639ms
[judge-sensitivity] judge honnoji-decision__chosokabe__hosokawa_fujitaka__varied-b-l1__baseline-a-l3__judge-deepseek-v4-pro-thinking-explicitly-on__repeat-4
[judge-sensitivity] -> ok honnoji-decision__chosokabe__hosokawa_fujitaka__varied-a-l4__baseline-b-l3__judge-glm-5.1-thinking-explicitly-on__repeat-7 46099ms
[judge-sensitivity] judge honnoji-decision__chosokabe__hosokawa_fujitaka__varied-b-l1__baseline-a-l3__judge-deepseek-v4-pro-thinking-explicitly-on__repeat-5
[judge-sensitivity] -> ok honnoji-decision__chosokabe__hosokawa_fujitaka__varied-a-l4__baseline-b-l3__judge-minimax-m2.5-thinking-explicitly-on__repeat-2 27425ms
[judge-sensitivity] judge honnoji-decision__chosokabe__hosokawa_fujitaka__varied-b-l1__baseline-a-l3__judge-deepseek-v4-pro-thinking-explicitly-on__repeat-6
[judge-sensitivity] -> ok honnoji-decision__chosokabe__hosokawa_fujitaka__varied-a-l4__baseline-b-l3__judge-minimax-m2.5-thinking-explicitly-on__repeat-3 26160ms
[judge-sensitivity] judge honnoji-decision__chosokabe__hosokawa_fujitaka__varied-b-l1__baseline-a-l3__judge-deepseek-v4-pro-thinking-explicitly-on__repeat-7
[judge-sensitivity] -> ok honnoji-decision__chosokabe__hosokawa_fujitaka__varied-a-l4__baseline-b-l3__judge-minimax-m2.5-thinking-explicitly-on__repeat-8 22103ms
[judge-sensitivity] judge honnoji-decision__chosokabe__hosokawa_fujitaka__varied-b-l1__baseline-a-l3__judge-deepseek-v4-pro-thinking-explicitly-on__repeat-8
[judge-sensitivity] -> ok honnoji-decision__chosokabe__hosokawa_fujitaka__varied-a-l4__baseline-b-l3__judge-glm-5.1-thinking-explicitly-on__repeat-9 50195ms
[judge-sensitivity] judge honnoji-decision__chosokabe__hosokawa_fujitaka__varied-b-l1__baseline-a-l3__judge-deepseek-v4-pro-thinking-explicitly-on__repeat-9
[judge-sensitivity] -> ok honnoji-decision__chosokabe__hosokawa_fujitaka__varied-a-l4__baseline-b-l3__judge-minimax-m2.5-thinking-explicitly-on__repeat-5 27318ms
[judge-sensitivity] judge honnoji-decision__chosokabe__hosokawa_fujitaka__varied-b-l1__baseline-a-l3__judge-deepseek-v4-pro-thinking-explicitly-on__repeat-10
[judge-sensitivity] -> ok honnoji-decision__chosokabe__hosokawa_fujitaka__varied-a-l4__baseline-b-l3__judge-glm-5.1-thinking-explicitly-on__repeat-2 58621ms
[judge-sensitivity] judge honnoji-decision__chosokabe__hosokawa_fujitaka__varied-b-l1__baseline-a-l3__judge-deepseek-v4-flash-thinking-explicitly-on__repeat-1
[judge-sensitivity] -> ok honnoji-decision__chosokabe__hosokawa_fujitaka__varied-a-l4__baseline-b-l3__judge-glm-5.1-thinking-explicitly-on__repeat-5 60435ms
[judge-sensitivity] judge honnoji-decision__chosokabe__hosokawa_fujitaka__varied-b-l1__baseline-a-l3__judge-deepseek-v4-flash-thinking-explicitly-on__repeat-2
[judge-sensitivity] -> ok honnoji-decision__chosokabe__hosokawa_fujitaka__varied-a-l4__baseline-b-l3__judge-glm-5.2-thinking-explicitly-on__repeat-6 78401ms
[judge-sensitivity] judge honnoji-decision__chosokabe__hosokawa_fujitaka__varied-b-l1__baseline-a-l3__judge-deepseek-v4-flash-thinking-explicitly-on__repeat-3
[judge-sensitivity] -> ok honnoji-decision__chosokabe__hosokawa_fujitaka__varied-a-l4__baseline-b-l3__judge-glm-5.1-thinking-explicitly-on__repeat-6 60536ms
[judge-sensitivity] judge honnoji-decision__chosokabe__hosokawa_fujitaka__varied-b-l1__baseline-a-l3__judge-deepseek-v4-flash-thinking-explicitly-on__repeat-4
[judge-sensitivity] -> ok honnoji-decision__chosokabe__hosokawa_fujitaka__varied-a-l4__baseline-b-l3__judge-minimax-m2.5-thinking-explicitly-on__repeat-6 32443ms
[judge-sensitivity] judge honnoji-decision__chosokabe__hosokawa_fujitaka__varied-b-l1__baseline-a-l3__judge-deepseek-v4-flash-thinking-explicitly-on__repeat-5
[judge-sensitivity] -> ok honnoji-decision__chosokabe__hosokawa_fujitaka__varied-a-l4__baseline-b-l3__judge-glm-5.1-thinking-explicitly-on__repeat-3 61957ms
[judge-sensitivity] judge honnoji-decision__chosokabe__hosokawa_fujitaka__varied-b-l1__baseline-a-l3__judge-deepseek-v4-flash-thinking-explicitly-on__repeat-6
[judge-sensitivity] -> ok honnoji-decision__chosokabe__hosokawa_fujitaka__varied-a-l4__baseline-b-l3__judge-minimax-m2.5-thinking-explicitly-on__repeat-10 30052ms
[judge-sensitivity] judge honnoji-decision__chosokabe__hosokawa_fujitaka__varied-b-l1__baseline-a-l3__judge-deepseek-v4-flash-thinking-explicitly-on__repeat-7
[judge-sensitivity] -> ok honnoji-decision__chosokabe__hosokawa_fujitaka__varied-a-l4__baseline-b-l3__judge-glm-5.1-thinking-explicitly-on__repeat-10 58475ms
[judge-sensitivity] judge honnoji-decision__chosokabe__hosokawa_fujitaka__varied-b-l1__baseline-a-l3__judge-deepseek-v4-flash-thinking-explicitly-on__repeat-8
[judge-sensitivity] -> ok honnoji-decision__chosokabe__hosokawa_fujitaka__varied-a-l4__baseline-b-l3__judge-glm-5.2-thinking-explicitly-on__repeat-4 89704ms
[judge-sensitivity] judge honnoji-decision__chosokabe__hosokawa_fujitaka__varied-b-l1__baseline-a-l3__judge-deepseek-v4-flash-thinking-explicitly-on__repeat-9
[judge-sensitivity] -> ok honnoji-decision__chosokabe__hosokawa_fujitaka__varied-a-l4__baseline-b-l3__judge-glm-5.2-thinking-explicitly-on__repeat-9 85912ms
[judge-sensitivity] judge honnoji-decision__chosokabe__hosokawa_fujitaka__varied-b-l1__baseline-a-l3__judge-deepseek-v4-flash-thinking-explicitly-on__repeat-10
[judge-sensitivity] -> ok honnoji-decision__chosokabe__hosokawa_fujitaka__varied-a-l4__baseline-b-l3__judge-glm-5.2-thinking-explicitly-on__repeat-7 88320ms
[judge-sensitivity] judge honnoji-decision__chosokabe__hosokawa_fujitaka__varied-b-l1__baseline-a-l3__judge-deepseek-v4-flash-thinking-explicitly-off__repeat-1
[judge-sensitivity] -> ok honnoji-decision__chosokabe__hosokawa_fujitaka__varied-b-l1__baseline-a-l3__judge-deepseek-v4-pro-thinking-explicitly-on__repeat-7 20959ms
[judge-sensitivity] judge honnoji-decision__chosokabe__hosokawa_fujitaka__varied-b-l1__baseline-a-l3__judge-deepseek-v4-flash-thinking-explicitly-off__repeat-2
[judge-sensitivity] -> ok honnoji-decision__chosokabe__hosokawa_fujitaka__varied-b-l1__baseline-a-l3__judge-deepseek-v4-pro-thinking-explicitly-on__repeat-5 26589ms
[judge-sensitivity] judge honnoji-decision__chosokabe__hosokawa_fujitaka__varied-b-l1__baseline-a-l3__judge-deepseek-v4-flash-thinking-explicitly-off__repeat-3
[judge-sensitivity] -> ok honnoji-decision__chosokabe__hosokawa_fujitaka__varied-a-l4__baseline-b-l3__judge-glm-5.2-thinking-explicitly-on__repeat-5 96024ms
[judge-sensitivity] judge honnoji-decision__chosokabe__hosokawa_fujitaka__varied-b-l1__baseline-a-l3__judge-deepseek-v4-flash-thinking-explicitly-off__repeat-4
[judge-sensitivity] -> ok honnoji-decision__chosokabe__hosokawa_fujitaka__varied-a-l4__baseline-b-l3__judge-glm-5.2-thinking-explicitly-on__repeat-2 102858ms
[judge-sensitivity] judge honnoji-decision__chosokabe__hosokawa_fujitaka__varied-b-l1__baseline-a-l3__judge-deepseek-v4-flash-thinking-explicitly-off__repeat-5
[judge-sensitivity] -> ok honnoji-decision__chosokabe__hosokawa_fujitaka__varied-b-l1__baseline-a-l3__judge-deepseek-v4-pro-thinking-explicitly-on__repeat-6 28392ms
[judge-sensitivity] judge honnoji-decision__chosokabe__hosokawa_fujitaka__varied-b-l1__baseline-a-l3__judge-deepseek-v4-flash-thinking-explicitly-off__repeat-6
[judge-sensitivity] -> ok honnoji-decision__chosokabe__hosokawa_fujitaka__varied-b-l1__baseline-a-l3__judge-deepseek-v4-pro-thinking-explicitly-on__repeat-10 25441ms
[judge-sensitivity] judge honnoji-decision__chosokabe__hosokawa_fujitaka__varied-b-l1__baseline-a-l3__judge-deepseek-v4-flash-thinking-explicitly-off__repeat-7
[judge-sensitivity] -> ok honnoji-decision__chosokabe__hosokawa_fujitaka__varied-b-l1__baseline-a-l3__judge-deepseek-v4-pro-thinking-explicitly-on__repeat-2 35421ms
[judge-sensitivity] judge honnoji-decision__chosokabe__hosokawa_fujitaka__varied-b-l1__baseline-a-l3__judge-deepseek-v4-flash-thinking-explicitly-off__repeat-8
[judge-sensitivity] -> ok honnoji-decision__chosokabe__hosokawa_fujitaka__varied-a-l4__baseline-b-l3__judge-glm-5.2-thinking-explicitly-on__repeat-10 98145ms
[judge-sensitivity] judge honnoji-decision__chosokabe__hosokawa_fujitaka__varied-b-l1__baseline-a-l3__judge-deepseek-v4-flash-thinking-explicitly-off__repeat-9
[judge-sensitivity] -> ok honnoji-decision__chosokabe__hosokawa_fujitaka__varied-a-l4__baseline-b-l3__judge-glm-5.2-thinking-explicitly-on__repeat-8 101909ms
[judge-sensitivity] judge honnoji-decision__chosokabe__hosokawa_fujitaka__varied-b-l1__baseline-a-l3__judge-deepseek-v4-flash-thinking-explicitly-off__repeat-10
[judge-sensitivity] -> ok honnoji-decision__chosokabe__hosokawa_fujitaka__varied-b-l1__baseline-a-l3__judge-deepseek-v4-flash-thinking-explicitly-off__repeat-1 14403ms
[judge-sensitivity] judge honnoji-decision__chosokabe__hosokawa_fujitaka__varied-b-l1__baseline-a-l3__judge-deepseek-v3.2-thinking-explicitly-on__repeat-1
[judge-sensitivity] -> ok honnoji-decision__chosokabe__hosokawa_fujitaka__varied-b-l1__baseline-a-l3__judge-deepseek-v4-pro-thinking-explicitly-on__repeat-9 32391ms
[judge-sensitivity] judge honnoji-decision__chosokabe__hosokawa_fujitaka__varied-b-l1__baseline-a-l3__judge-deepseek-v3.2-thinking-explicitly-on__repeat-2
[judge-sensitivity] -> ok honnoji-decision__chosokabe__hosokawa_fujitaka__varied-a-l4__baseline-b-l3__judge-glm-5.2-thinking-explicitly-on__repeat-3 113960ms
[judge-sensitivity] judge honnoji-decision__chosokabe__hosokawa_fujitaka__varied-b-l1__baseline-a-l3__judge-deepseek-v3.2-thinking-explicitly-on__repeat-3
[judge-sensitivity] -> ok honnoji-decision__chosokabe__hosokawa_fujitaka__varied-b-l1__baseline-a-l3__judge-deepseek-v4-flash-thinking-explicitly-off__repeat-2 18238ms
[judge-sensitivity] judge honnoji-decision__chosokabe__hosokawa_fujitaka__varied-b-l1__baseline-a-l3__judge-deepseek-v3.2-thinking-explicitly-on__repeat-4
[judge-sensitivity] -> ok honnoji-decision__chosokabe__hosokawa_fujitaka__varied-b-l1__baseline-a-l3__judge-deepseek-v4-flash-thinking-explicitly-off__repeat-3 17046ms
[judge-sensitivity] judge honnoji-decision__chosokabe__hosokawa_fujitaka__varied-b-l1__baseline-a-l3__judge-deepseek-v3.2-thinking-explicitly-on__repeat-5
[judge-sensitivity] -> ok honnoji-decision__chosokabe__hosokawa_fujitaka__varied-b-l1__baseline-a-l3__judge-deepseek-v4-pro-thinking-explicitly-on__repeat-4 45063ms
[judge-sensitivity] judge honnoji-decision__chosokabe__hosokawa_fujitaka__varied-b-l1__baseline-a-l3__judge-deepseek-v3.2-thinking-explicitly-on__repeat-6
[judge-sensitivity] -> ok honnoji-decision__chosokabe__hosokawa_fujitaka__varied-b-l1__baseline-a-l3__judge-deepseek-v4-flash-thinking-explicitly-off__repeat-10 9575ms
[judge-sensitivity] judge honnoji-decision__chosokabe__hosokawa_fujitaka__varied-b-l1__baseline-a-l3__judge-deepseek-v3.2-thinking-explicitly-on__repeat-7
[judge-sensitivity] -> ok honnoji-decision__chosokabe__hosokawa_fujitaka__varied-b-l1__baseline-a-l3__judge-deepseek-v4-flash-thinking-explicitly-off__repeat-6 15297ms
[judge-sensitivity] judge honnoji-decision__chosokabe__hosokawa_fujitaka__varied-b-l1__baseline-a-l3__judge-deepseek-v3.2-thinking-explicitly-on__repeat-8
[judge-sensitivity] -> ok honnoji-decision__chosokabe__hosokawa_fujitaka__varied-b-l1__baseline-a-l3__judge-deepseek-v4-flash-thinking-explicitly-off__repeat-4 19009ms
[judge-sensitivity] judge honnoji-decision__chosokabe__hosokawa_fujitaka__varied-b-l1__baseline-a-l3__judge-deepseek-v3.2-thinking-explicitly-on__repeat-9
[judge-sensitivity] -> ok honnoji-decision__chosokabe__hosokawa_fujitaka__varied-b-l1__baseline-a-l3__judge-deepseek-v4-flash-thinking-explicitly-off__repeat-9 14056ms
[judge-sensitivity] judge honnoji-decision__chosokabe__hosokawa_fujitaka__varied-b-l1__baseline-a-l3__judge-deepseek-v3.2-thinking-explicitly-on__repeat-10
[judge-sensitivity] -> ok honnoji-decision__chosokabe__hosokawa_fujitaka__varied-b-l1__baseline-a-l3__judge-deepseek-v4-flash-thinking-explicitly-off__repeat-8 17794ms
[judge-sensitivity] judge honnoji-decision__chosokabe__hosokawa_fujitaka__varied-b-l1__baseline-a-l3__judge-deepseek-v3.2-thinking-explicitly-off__repeat-1
[judge-sensitivity] -> ok honnoji-decision__chosokabe__hosokawa_fujitaka__varied-b-l1__baseline-a-l3__judge-deepseek-v4-flash-thinking-explicitly-off__repeat-5 22846ms
[judge-sensitivity] judge honnoji-decision__chosokabe__hosokawa_fujitaka__varied-b-l1__baseline-a-l3__judge-deepseek-v3.2-thinking-explicitly-off__repeat-2
[judge-sensitivity] -> ok honnoji-decision__chosokabe__hosokawa_fujitaka__varied-b-l1__baseline-a-l3__judge-deepseek-v4-flash-thinking-explicitly-on__repeat-4 40777ms
[judge-sensitivity] judge honnoji-decision__chosokabe__hosokawa_fujitaka__varied-b-l1__baseline-a-l3__judge-deepseek-v3.2-thinking-explicitly-off__repeat-3
[judge-sensitivity] -> ok honnoji-decision__chosokabe__hosokawa_fujitaka__varied-b-l1__baseline-a-l3__judge-deepseek-v4-flash-thinking-explicitly-off__repeat-7 22019ms
[judge-sensitivity] judge honnoji-decision__chosokabe__hosokawa_fujitaka__varied-b-l1__baseline-a-l3__judge-deepseek-v3.2-thinking-explicitly-off__repeat-4
[judge-sensitivity] -> ok honnoji-decision__chosokabe__hosokawa_fujitaka__varied-b-l1__baseline-a-l3__judge-deepseek-v4-pro-thinking-explicitly-on__repeat-3 56772ms
[judge-sensitivity] judge honnoji-decision__chosokabe__hosokawa_fujitaka__varied-b-l1__baseline-a-l3__judge-deepseek-v3.2-thinking-explicitly-off__repeat-5
[judge-sensitivity] -> ok honnoji-decision__chosokabe__hosokawa_fujitaka__varied-b-l1__baseline-a-l3__judge-deepseek-v4-pro-thinking-explicitly-on__repeat-8 53368ms
[judge-sensitivity] judge honnoji-decision__chosokabe__hosokawa_fujitaka__varied-b-l1__baseline-a-l3__judge-deepseek-v3.2-thinking-explicitly-off__repeat-6
[judge-sensitivity] -> ok honnoji-decision__chosokabe__hosokawa_fujitaka__varied-b-l1__baseline-a-l3__judge-deepseek-v3.2-thinking-explicitly-on__repeat-1 26231ms
[judge-sensitivity] judge honnoji-decision__chosokabe__hosokawa_fujitaka__varied-b-l1__baseline-a-l3__judge-deepseek-v3.2-thinking-explicitly-off__repeat-7
[judge-sensitivity] -> ok honnoji-decision__chosokabe__hosokawa_fujitaka__varied-b-l1__baseline-a-l3__judge-deepseek-v4-flash-thinking-explicitly-on__repeat-6 50747ms
[judge-sensitivity] judge honnoji-decision__chosokabe__hosokawa_fujitaka__varied-b-l1__baseline-a-l3__judge-deepseek-v3.2-thinking-explicitly-off__repeat-8
[judge-sensitivity] -> ok honnoji-decision__chosokabe__hosokawa_fujitaka__varied-b-l1__baseline-a-l3__judge-deepseek-v3.2-thinking-explicitly-off__repeat-1 20211ms
[judge-sensitivity] judge honnoji-decision__chosokabe__hosokawa_fujitaka__varied-b-l1__baseline-a-l3__judge-deepseek-v3.2-thinking-explicitly-off__repeat-9
[judge-sensitivity] -> ok honnoji-decision__chosokabe__hosokawa_fujitaka__varied-b-l1__baseline-a-l3__judge-deepseek-v4-flash-thinking-explicitly-on__repeat-9 51310ms
[judge-sensitivity] judge honnoji-decision__chosokabe__hosokawa_fujitaka__varied-b-l1__baseline-a-l3__judge-deepseek-v3.2-thinking-explicitly-off__repeat-10
[judge-sensitivity] -> ok honnoji-decision__chosokabe__hosokawa_fujitaka__varied-b-l1__baseline-a-l3__judge-deepseek-v4-flash-thinking-explicitly-on__repeat-1 63599ms
[judge-sensitivity] judge honnoji-decision__chosokabe__hosokawa_fujitaka__varied-b-l1__baseline-a-l3__judge-deepseek-r1-thinking-explicitly-on__repeat-1
[judge-sensitivity] -> ok honnoji-decision__chosokabe__hosokawa_fujitaka__varied-b-l1__baseline-a-l3__judge-deepseek-v3.2-thinking-explicitly-on__repeat-7 27195ms
[judge-sensitivity] judge honnoji-decision__chosokabe__hosokawa_fujitaka__varied-b-l1__baseline-a-l3__judge-deepseek-r1-thinking-explicitly-on__repeat-2
[judge-sensitivity] -> ok honnoji-decision__chosokabe__hosokawa_fujitaka__varied-b-l1__baseline-a-l3__judge-deepseek-v4-flash-thinking-explicitly-on__repeat-7 59707ms
[judge-sensitivity] judge honnoji-decision__chosokabe__hosokawa_fujitaka__varied-b-l1__baseline-a-l3__judge-deepseek-r1-thinking-explicitly-on__repeat-3
[judge-sensitivity] -> ok honnoji-decision__chosokabe__hosokawa_fujitaka__varied-b-l1__baseline-a-l3__judge-deepseek-v3.2-thinking-explicitly-off__repeat-3 22034ms
[judge-sensitivity] judge honnoji-decision__chosokabe__hosokawa_fujitaka__varied-b-l1__baseline-a-l3__judge-deepseek-r1-thinking-explicitly-on__repeat-4
[judge-sensitivity] -> ok honnoji-decision__chosokabe__hosokawa_fujitaka__varied-b-l1__baseline-a-l3__judge-deepseek-v4-pro-thinking-explicitly-on__repeat-1 90681ms
[judge-sensitivity] judge honnoji-decision__chosokabe__hosokawa_fujitaka__varied-b-l1__baseline-a-l3__judge-deepseek-r1-thinking-explicitly-on__repeat-5
[judge-sensitivity] -> ok honnoji-decision__chosokabe__hosokawa_fujitaka__varied-b-l1__baseline-a-l3__judge-deepseek-v4-flash-thinking-explicitly-on__repeat-2 65937ms
[judge-sensitivity] judge honnoji-decision__chosokabe__hosokawa_fujitaka__varied-b-l1__baseline-a-l3__judge-deepseek-r1-thinking-explicitly-on__repeat-6
[judge-sensitivity] -> ok honnoji-decision__chosokabe__hosokawa_fujitaka__varied-b-l1__baseline-a-l3__judge-deepseek-v4-flash-thinking-explicitly-on__repeat-10 58102ms
[judge-sensitivity] judge honnoji-decision__chosokabe__hosokawa_fujitaka__varied-b-l1__baseline-a-l3__judge-deepseek-r1-thinking-explicitly-on__repeat-7
[judge-sensitivity] -> ok honnoji-decision__chosokabe__hosokawa_fujitaka__varied-b-l1__baseline-a-l3__judge-deepseek-v3.2-thinking-explicitly-on__repeat-6 35215ms
[judge-sensitivity] judge honnoji-decision__chosokabe__hosokawa_fujitaka__varied-b-l1__baseline-a-l3__judge-deepseek-r1-thinking-explicitly-on__repeat-8
[judge-sensitivity] -> ok honnoji-decision__chosokabe__hosokawa_fujitaka__varied-b-l1__baseline-a-l3__judge-deepseek-v3.2-thinking-explicitly-on__repeat-9 33022ms
[judge-sensitivity] judge honnoji-decision__chosokabe__hosokawa_fujitaka__varied-b-l1__baseline-a-l3__judge-deepseek-r1-thinking-explicitly-on__repeat-9
[judge-sensitivity] -> ok honnoji-decision__chosokabe__hosokawa_fujitaka__varied-b-l1__baseline-a-l3__judge-deepseek-v3.2-thinking-explicitly-off__repeat-5 25932ms
[judge-sensitivity] judge honnoji-decision__chosokabe__hosokawa_fujitaka__varied-b-l1__baseline-a-l3__judge-deepseek-r1-thinking-explicitly-on__repeat-10
[judge-sensitivity] -> ok honnoji-decision__chosokabe__hosokawa_fujitaka__varied-b-l1__baseline-a-l3__judge-deepseek-v3.2-thinking-explicitly-off__repeat-6 23492ms
[judge-sensitivity] judge honnoji-decision__chosokabe__hosokawa_fujitaka__varied-b-l1__baseline-a-l3__judge-deepseek-r1-thinking-explicitly-off__repeat-1
[judge-sensitivity] -> ok honnoji-decision__chosokabe__hosokawa_fujitaka__varied-b-l1__baseline-a-l3__judge-deepseek-v3.2-thinking-explicitly-off__repeat-2 29861ms
[judge-sensitivity] judge honnoji-decision__chosokabe__hosokawa_fujitaka__varied-b-l1__baseline-a-l3__judge-deepseek-r1-thinking-explicitly-off__repeat-2
[judge-sensitivity] -> ok honnoji-decision__chosokabe__hosokawa_fujitaka__varied-b-l1__baseline-a-l3__judge-deepseek-v3.2-thinking-explicitly-off__repeat-4 30232ms
[judge-sensitivity] judge honnoji-decision__chosokabe__hosokawa_fujitaka__varied-b-l1__baseline-a-l3__judge-deepseek-r1-thinking-explicitly-off__repeat-3
[judge-sensitivity] -> ok honnoji-decision__chosokabe__hosokawa_fujitaka__varied-b-l1__baseline-a-l3__judge-deepseek-v3.2-thinking-explicitly-off__repeat-7 21833ms
[judge-sensitivity] judge honnoji-decision__chosokabe__hosokawa_fujitaka__varied-b-l1__baseline-a-l3__judge-deepseek-r1-thinking-explicitly-off__repeat-4
[judge-sensitivity] -> ok honnoji-decision__chosokabe__hosokawa_fujitaka__varied-b-l1__baseline-a-l3__judge-deepseek-v3.2-thinking-explicitly-on__repeat-2 47049ms
[judge-sensitivity] judge honnoji-decision__chosokabe__hosokawa_fujitaka__varied-b-l1__baseline-a-l3__judge-deepseek-r1-thinking-explicitly-off__repeat-5
[judge-sensitivity] -> ok honnoji-decision__chosokabe__hosokawa_fujitaka__varied-b-l1__baseline-a-l3__judge-deepseek-v3.2-thinking-explicitly-on__repeat-3 47122ms
[judge-sensitivity] judge honnoji-decision__chosokabe__hosokawa_fujitaka__varied-b-l1__baseline-a-l3__judge-deepseek-r1-thinking-explicitly-off__repeat-6
[judge-sensitivity] -> ok honnoji-decision__chosokabe__hosokawa_fujitaka__varied-b-l1__baseline-a-l3__judge-deepseek-v3.2-thinking-explicitly-on__repeat-10 40669ms
[judge-sensitivity] judge honnoji-decision__chosokabe__hosokawa_fujitaka__varied-b-l1__baseline-a-l3__judge-deepseek-r1-thinking-explicitly-off__repeat-7
[judge-sensitivity] -> ok honnoji-decision__chosokabe__hosokawa_fujitaka__varied-b-l1__baseline-a-l3__judge-deepseek-v3.2-thinking-explicitly-off__repeat-8 25332ms
[judge-sensitivity] judge honnoji-decision__chosokabe__hosokawa_fujitaka__varied-b-l1__baseline-a-l3__judge-deepseek-r1-thinking-explicitly-off__repeat-8
[judge-sensitivity] -> ok honnoji-decision__chosokabe__hosokawa_fujitaka__varied-b-l1__baseline-a-l3__judge-deepseek-v3.2-thinking-explicitly-off__repeat-10 22739ms
[judge-sensitivity] judge honnoji-decision__chosokabe__hosokawa_fujitaka__varied-b-l1__baseline-a-l3__judge-deepseek-r1-thinking-explicitly-off__repeat-9
[judge-sensitivity] -> ok honnoji-decision__chosokabe__hosokawa_fujitaka__varied-b-l1__baseline-a-l3__judge-deepseek-v4-flash-thinking-explicitly-on__repeat-8 83223ms
[judge-sensitivity] judge honnoji-decision__chosokabe__hosokawa_fujitaka__varied-b-l1__baseline-a-l3__judge-deepseek-r1-thinking-explicitly-off__repeat-10
[judge-sensitivity] -> ok honnoji-decision__chosokabe__hosokawa_fujitaka__varied-b-l1__baseline-a-l3__judge-deepseek-v3.2-thinking-explicitly-off__repeat-9 37586ms
[judge-sensitivity] judge honnoji-decision__chosokabe__hosokawa_fujitaka__varied-b-l1__baseline-a-l3__judge-kimi-k2.7-code-thinking-always-on__repeat-1
[judge-sensitivity] -> ok honnoji-decision__chosokabe__hosokawa_fujitaka__varied-b-l1__baseline-a-l3__judge-deepseek-v4-flash-thinking-explicitly-on__repeat-5 98861ms
[judge-sensitivity] judge honnoji-decision__chosokabe__hosokawa_fujitaka__varied-b-l1__baseline-a-l3__judge-kimi-k2.7-code-thinking-always-on__repeat-2
[judge-sensitivity] -> ok honnoji-decision__chosokabe__hosokawa_fujitaka__varied-a-l3__baseline-b-l3__judge-glm-5.2-thinking-explicitly-on__repeat-1 636916ms
[judge-sensitivity] judge honnoji-decision__chosokabe__hosokawa_fujitaka__varied-b-l1__baseline-a-l3__judge-kimi-k2.7-code-thinking-always-on__repeat-3
[judge-sensitivity] -> ok honnoji-decision__chosokabe__hosokawa_fujitaka__varied-b-l1__baseline-a-l3__judge-deepseek-v3.2-thinking-explicitly-on__repeat-5 76263ms
[judge-sensitivity] judge honnoji-decision__chosokabe__hosokawa_fujitaka__varied-b-l1__baseline-a-l3__judge-kimi-k2.7-code-thinking-always-on__repeat-4
[judge-sensitivity] -> error honnoji-decision__chosokabe__hosokawa_fujitaka__varied-b-l1__baseline-a-l3__judge-deepseek-r1-thinking-explicitly-on__repeat-8 52058ms siliconflow experimental judge request failed (503 Service Unavailable): {"code":50508,"message":"System is too busy now. Please try again later.","data":null}
[judge-sensitivity] judge honnoji-decision__chosokabe__hosokawa_fujitaka__varied-b-l1__baseline-a-l3__judge-kimi-k2.7-code-thinking-always-on__repeat-5
[judge-sensitivity] -> ok honnoji-decision__chosokabe__hosokawa_fujitaka__varied-b-l1__baseline-a-l3__judge-deepseek-v4-flash-thinking-explicitly-on__repeat-3 121838ms
[judge-sensitivity] judge honnoji-decision__chosokabe__hosokawa_fujitaka__varied-b-l1__baseline-a-l3__judge-kimi-k2.7-code-thinking-always-on__repeat-6
[judge-sensitivity] -> ok honnoji-decision__chosokabe__hosokawa_fujitaka__varied-b-l1__baseline-a-l3__judge-deepseek-v3.2-thinking-explicitly-on__repeat-8 94173ms
[judge-sensitivity] judge honnoji-decision__chosokabe__hosokawa_fujitaka__varied-b-l1__baseline-a-l3__judge-kimi-k2.7-code-thinking-always-on__repeat-7
[judge-sensitivity] -> error honnoji-decision__chosokabe__hosokawa_fujitaka__varied-b-l1__baseline-a-l3__judge-deepseek-r1-thinking-explicitly-off__repeat-4 57587ms siliconflow experimental judge request failed (503 Service Unavailable): {"code":50508,"message":"System is too busy now. Please try again later.","data":null}
[judge-sensitivity] judge honnoji-decision__chosokabe__hosokawa_fujitaka__varied-b-l1__baseline-a-l3__judge-kimi-k2.7-code-thinking-always-on__repeat-8
[judge-sensitivity] -> ok honnoji-decision__chosokabe__hosokawa_fujitaka__varied-b-l1__baseline-a-l3__judge-deepseek-v3.2-thinking-explicitly-on__repeat-4 101903ms
[judge-sensitivity] judge honnoji-decision__chosokabe__hosokawa_fujitaka__varied-b-l1__baseline-a-l3__judge-kimi-k2.7-code-thinking-always-on__repeat-9
[judge-sensitivity] -> error honnoji-decision__chosokabe__hosokawa_fujitaka__varied-b-l1__baseline-a-l3__judge-deepseek-r1-thinking-explicitly-on__repeat-2 70671ms siliconflow experimental judge request failed (503 Service Unavailable): {"code":50508,"message":"System is too busy now. Please try again later.","data":null}
[judge-sensitivity] judge honnoji-decision__chosokabe__hosokawa_fujitaka__varied-b-l1__baseline-a-l3__judge-kimi-k2.7-code-thinking-always-on__repeat-10
[judge-sensitivity] -> error honnoji-decision__chosokabe__hosokawa_fujitaka__varied-b-l1__baseline-a-l3__judge-deepseek-r1-thinking-explicitly-on__repeat-4 71687ms siliconflow experimental judge request failed (503 Service Unavailable): {"code":50508,"message":"System is too busy now. Please try again later.","data":null}
[judge-sensitivity] judge honnoji-decision__chosokabe__hosokawa_fujitaka__varied-b-l1__baseline-a-l3__judge-kimi-k2.6-thinking-explicitly-on__repeat-1
[judge-sensitivity] -> error honnoji-decision__chosokabe__hosokawa_fujitaka__varied-b-l1__baseline-a-l3__judge-deepseek-r1-thinking-explicitly-on__repeat-9 69695ms siliconflow experimental judge request failed (503 Service Unavailable): {"code":50508,"message":"System is too busy now. Please try again later.","data":null}
[judge-sensitivity] judge honnoji-decision__chosokabe__hosokawa_fujitaka__varied-b-l1__baseline-a-l3__judge-kimi-k2.6-thinking-explicitly-on__repeat-2
[judge-sensitivity] -> error honnoji-decision__chosokabe__hosokawa_fujitaka__varied-b-l1__baseline-a-l3__judge-deepseek-r1-thinking-explicitly-off__repeat-8 61059ms siliconflow experimental judge request failed (503 Service Unavailable): {"code":50508,"message":"System is too busy now. Please try again later.","data":null}
[judge-sensitivity] judge honnoji-decision__chosokabe__hosokawa_fujitaka__varied-b-l1__baseline-a-l3__judge-kimi-k2.6-thinking-explicitly-on__repeat-3
[judge-sensitivity] -> error honnoji-decision__chosokabe__hosokawa_fujitaka__varied-b-l1__baseline-a-l3__judge-deepseek-r1-thinking-explicitly-off__repeat-9 55660ms siliconflow experimental judge request failed (503 Service Unavailable): {"code":50508,"message":"System is too busy now. Please try again later.","data":null}
[judge-sensitivity] judge honnoji-decision__chosokabe__hosokawa_fujitaka__varied-b-l1__baseline-a-l3__judge-kimi-k2.6-thinking-explicitly-on__repeat-4
[judge-sensitivity] -> ok honnoji-decision__chosokabe__hosokawa_fujitaka__varied-b-l1__baseline-a-l3__judge-kimi-k2.7-code-thinking-always-on__repeat-1 50998ms
[judge-sensitivity] judge honnoji-decision__chosokabe__hosokawa_fujitaka__varied-b-l1__baseline-a-l3__judge-kimi-k2.6-thinking-explicitly-on__repeat-5
[judge-sensitivity] -> error honnoji-decision__chosokabe__hosokawa_fujitaka__varied-b-l1__baseline-a-l3__judge-deepseek-r1-thinking-explicitly-on__repeat-5 92986ms siliconflow experimental judge request failed (503 Service Unavailable): {"code":50508,"message":"System is too busy now. Please try again later.","data":null}
[judge-sensitivity] judge honnoji-decision__chosokabe__hosokawa_fujitaka__varied-b-l1__baseline-a-l3__judge-kimi-k2.6-thinking-explicitly-on__repeat-6
[judge-sensitivity] -> error honnoji-decision__chosokabe__hosokawa_fujitaka__varied-b-l1__baseline-a-l3__judge-deepseek-r1-thinking-explicitly-on__repeat-1 96789ms siliconflow experimental judge request failed (503 Service Unavailable): {"code":50508,"message":"System is too busy now. Please try again later.","data":null}
[judge-sensitivity] judge honnoji-decision__chosokabe__hosokawa_fujitaka__varied-b-l1__baseline-a-l3__judge-kimi-k2.6-thinking-explicitly-on__repeat-7
[judge-sensitivity] -> error honnoji-decision__chosokabe__hosokawa_fujitaka__varied-b-l1__baseline-a-l3__judge-deepseek-r1-thinking-explicitly-on__repeat-6 92621ms siliconflow experimental judge request failed (503 Service Unavailable): {"code":50508,"message":"System is too busy now. Please try again later.","data":null}
[judge-sensitivity] judge honnoji-decision__chosokabe__hosokawa_fujitaka__varied-b-l1__baseline-a-l3__judge-kimi-k2.6-thinking-explicitly-on__repeat-8
[judge-sensitivity] -> ok honnoji-decision__chosokabe__hosokawa_fujitaka__varied-b-l1__baseline-a-l3__judge-kimi-k2.7-code-thinking-always-on__repeat-3 67535ms
[judge-sensitivity] judge honnoji-decision__chosokabe__hosokawa_fujitaka__varied-b-l1__baseline-a-l3__judge-kimi-k2.6-thinking-explicitly-on__repeat-9
[judge-sensitivity] -> error honnoji-decision__chosokabe__hosokawa_fujitaka__varied-b-l1__baseline-a-l3__judge-deepseek-r1-thinking-explicitly-off__repeat-2 109018ms siliconflow experimental judge request failed (503 Service Unavailable): {"code":50508,"message":"System is too busy now. Please try again later.","data":null}
[judge-sensitivity] judge honnoji-decision__chosokabe__hosokawa_fujitaka__varied-b-l1__baseline-a-l3__judge-kimi-k2.6-thinking-explicitly-on__repeat-10
[judge-sensitivity] -> error honnoji-decision__chosokabe__hosokawa_fujitaka__varied-b-l1__baseline-a-l3__judge-deepseek-r1-thinking-explicitly-off__repeat-6 104564ms siliconflow experimental judge request failed (503 Service Unavailable): {"code":50508,"message":"System is too busy now. Please try again later.","data":null}
[judge-sensitivity] judge honnoji-decision__chosokabe__hosokawa_fujitaka__varied-b-l1__baseline-a-l3__judge-kimi-k2.6-thinking-explicitly-off__repeat-1
[judge-sensitivity] -> error honnoji-decision__chosokabe__hosokawa_fujitaka__varied-b-l1__baseline-a-l3__judge-deepseek-r1-thinking-explicitly-off__repeat-7 104458ms siliconflow experimental judge request failed (503 Service Unavailable): {"code":50508,"message":"System is too busy now. Please try again later.","data":null}
[judge-sensitivity] judge honnoji-decision__chosokabe__hosokawa_fujitaka__varied-b-l1__baseline-a-l3__judge-kimi-k2.6-thinking-explicitly-off__repeat-2
[judge-sensitivity] -> error honnoji-decision__chosokabe__hosokawa_fujitaka__varied-b-l1__baseline-a-l3__judge-deepseek-r1-thinking-explicitly-off__repeat-1 112222ms siliconflow experimental judge request failed (503 Service Unavailable): {"code":50508,"message":"System is too busy now. Please try again later.","data":null}
[judge-sensitivity] judge honnoji-decision__chosokabe__hosokawa_fujitaka__varied-b-l1__baseline-a-l3__judge-kimi-k2.6-thinking-explicitly-off__repeat-3
[judge-sensitivity] -> error honnoji-decision__chosokabe__hosokawa_fujitaka__varied-b-l1__baseline-a-l3__judge-deepseek-r1-thinking-explicitly-on__repeat-3 119221ms siliconflow experimental judge request failed (503 Service Unavailable): {"code":50508,"message":"System is too busy now. Please try again later.","data":null}
[judge-sensitivity] judge honnoji-decision__chosokabe__hosokawa_fujitaka__varied-b-l1__baseline-a-l3__judge-kimi-k2.6-thinking-explicitly-off__repeat-4
[judge-sensitivity] -> error honnoji-decision__chosokabe__hosokawa_fujitaka__varied-b-l1__baseline-a-l3__judge-deepseek-r1-thinking-explicitly-on__repeat-10 112331ms siliconflow experimental judge request failed (503 Service Unavailable): {"code":50508,"message":"System is too busy now. Please try again later.","data":null}
[judge-sensitivity] judge honnoji-decision__chosokabe__hosokawa_fujitaka__varied-b-l1__baseline-a-l3__judge-kimi-k2.6-thinking-explicitly-off__repeat-5
[judge-sensitivity] -> error honnoji-decision__chosokabe__hosokawa_fujitaka__varied-b-l1__baseline-a-l3__judge-deepseek-r1-thinking-explicitly-on__repeat-7 114121ms siliconflow experimental judge request failed (503 Service Unavailable): {"code":50508,"message":"System is too busy now. Please try again later.","data":null}
[judge-sensitivity] judge honnoji-decision__chosokabe__hosokawa_fujitaka__varied-b-l1__baseline-a-l3__judge-kimi-k2.6-thinking-explicitly-off__repeat-6
[judge-sensitivity] -> error honnoji-decision__chosokabe__hosokawa_fujitaka__varied-b-l1__baseline-a-l3__judge-deepseek-r1-thinking-explicitly-off__repeat-5 107456ms siliconflow experimental judge request failed (503 Service Unavailable): {"code":50508,"message":"System is too busy now. Please try again later.","data":null}
[judge-sensitivity] judge honnoji-decision__chosokabe__hosokawa_fujitaka__varied-b-l1__baseline-a-l3__judge-kimi-k2.6-thinking-explicitly-off__repeat-7
[judge-sensitivity] -> error honnoji-decision__chosokabe__hosokawa_fujitaka__varied-b-l1__baseline-a-l3__judge-deepseek-r1-thinking-explicitly-off__repeat-3 109213ms siliconflow experimental judge request failed (503 Service Unavailable): {"code":50508,"message":"System is too busy now. Please try again later.","data":null}
[judge-sensitivity] judge honnoji-decision__chosokabe__hosokawa_fujitaka__varied-b-l1__baseline-a-l3__judge-kimi-k2.6-thinking-explicitly-off__repeat-8
[judge-sensitivity] -> error honnoji-decision__chosokabe__hosokawa_fujitaka__varied-b-l1__baseline-a-l3__judge-deepseek-r1-thinking-explicitly-off__repeat-10 96040ms siliconflow experimental judge request failed (503 Service Unavailable): {"code":50508,"message":"System is too busy now. Please try again later.","data":null}
[judge-sensitivity] judge honnoji-decision__chosokabe__hosokawa_fujitaka__varied-b-l1__baseline-a-l3__judge-kimi-k2.6-thinking-explicitly-off__repeat-9
[judge-sensitivity] -> ok honnoji-decision__chosokabe__hosokawa_fujitaka__varied-a-l4__baseline-b-l3__judge-qwen3.6-27b-thinking-explicitly-on__repeat-7 343569ms
[judge-sensitivity] judge honnoji-decision__chosokabe__hosokawa_fujitaka__varied-b-l1__baseline-a-l3__judge-kimi-k2.6-thinking-explicitly-off__repeat-10
[judge-sensitivity] -> ok honnoji-decision__chosokabe__hosokawa_fujitaka__varied-b-l1__baseline-a-l3__judge-kimi-k2.7-code-thinking-always-on__repeat-6 72033ms
[judge-sensitivity] judge honnoji-decision__chosokabe__hosokawa_fujitaka__varied-b-l1__baseline-a-l3__judge-qwen3.6-35b-a3b-thinking-explicitly-on__repeat-1
[judge-sensitivity] -> ok honnoji-decision__chosokabe__hosokawa_fujitaka__varied-b-l1__baseline-a-l3__judge-kimi-k2.6-thinking-explicitly-off__repeat-7 16560ms
[judge-sensitivity] judge honnoji-decision__chosokabe__hosokawa_fujitaka__varied-b-l1__baseline-a-l3__judge-qwen3.6-35b-a3b-thinking-explicitly-on__repeat-2
[judge-sensitivity] -> ok honnoji-decision__chosokabe__hosokawa_fujitaka__varied-b-l1__baseline-a-l3__judge-kimi-k2.6-thinking-explicitly-off__repeat-1 16982ms
[judge-sensitivity] judge honnoji-decision__chosokabe__hosokawa_fujitaka__varied-b-l1__baseline-a-l3__judge-qwen3.6-35b-a3b-thinking-explicitly-on__repeat-3
[judge-sensitivity] -> ok honnoji-decision__chosokabe__hosokawa_fujitaka__varied-b-l1__baseline-a-l3__judge-kimi-k2.7-code-thinking-always-on__repeat-2 99023ms
[judge-sensitivity] judge honnoji-decision__chosokabe__hosokawa_fujitaka__varied-b-l1__baseline-a-l3__judge-qwen3.6-35b-a3b-thinking-explicitly-on__repeat-4
[judge-sensitivity] -> ok honnoji-decision__chosokabe__hosokawa_fujitaka__varied-b-l1__baseline-a-l3__judge-kimi-k2.6-thinking-explicitly-off__repeat-5 20140ms
[judge-sensitivity] judge honnoji-decision__chosokabe__hosokawa_fujitaka__varied-b-l1__baseline-a-l3__judge-qwen3.6-35b-a3b-thinking-explicitly-on__repeat-5
[judge-sensitivity] -> ok honnoji-decision__chosokabe__hosokawa_fujitaka__varied-b-l1__baseline-a-l3__judge-kimi-k2.6-thinking-explicitly-off__repeat-2 20715ms
[judge-sensitivity] judge honnoji-decision__chosokabe__hosokawa_fujitaka__varied-b-l1__baseline-a-l3__judge-qwen3.6-35b-a3b-thinking-explicitly-on__repeat-6
[judge-sensitivity] -> ok honnoji-decision__chosokabe__hosokawa_fujitaka__varied-b-l1__baseline-a-l3__judge-kimi-k2.6-thinking-explicitly-off__repeat-3 21948ms
[judge-sensitivity] judge honnoji-decision__chosokabe__hosokawa_fujitaka__varied-b-l1__baseline-a-l3__judge-qwen3.6-35b-a3b-thinking-explicitly-on__repeat-7
[judge-sensitivity] -> ok honnoji-decision__chosokabe__hosokawa_fujitaka__varied-b-l1__baseline-a-l3__judge-kimi-k2.6-thinking-explicitly-off__repeat-9 20859ms
[judge-sensitivity] judge honnoji-decision__chosokabe__hosokawa_fujitaka__varied-b-l1__baseline-a-l3__judge-qwen3.6-35b-a3b-thinking-explicitly-on__repeat-8
[judge-sensitivity] -> ok honnoji-decision__chosokabe__hosokawa_fujitaka__varied-b-l1__baseline-a-l3__judge-kimi-k2.6-thinking-explicitly-off__repeat-4 22510ms
[judge-sensitivity] judge honnoji-decision__chosokabe__hosokawa_fujitaka__varied-b-l1__baseline-a-l3__judge-qwen3.6-35b-a3b-thinking-explicitly-on__repeat-9
[judge-sensitivity] -> ok honnoji-decision__chosokabe__hosokawa_fujitaka__varied-b-l1__baseline-a-l3__judge-kimi-k2.7-code-thinking-always-on__repeat-9 72048ms
[judge-sensitivity] judge honnoji-decision__chosokabe__hosokawa_fujitaka__varied-b-l1__baseline-a-l3__judge-qwen3.6-35b-a3b-thinking-explicitly-on__repeat-10
[judge-sensitivity] -> ok honnoji-decision__chosokabe__hosokawa_fujitaka__varied-b-l1__baseline-a-l3__judge-kimi-k2.6-thinking-explicitly-off__repeat-6 25032ms
[judge-sensitivity] judge honnoji-decision__chosokabe__hosokawa_fujitaka__varied-b-l1__baseline-a-l3__judge-qwen3.6-35b-a3b-thinking-explicitly-off__repeat-1
[judge-sensitivity] -> ok honnoji-decision__chosokabe__hosokawa_fujitaka__varied-b-l1__baseline-a-l3__judge-kimi-k2.6-thinking-explicitly-off__repeat-8 26731ms
[judge-sensitivity] judge honnoji-decision__chosokabe__hosokawa_fujitaka__varied-b-l1__baseline-a-l3__judge-qwen3.6-35b-a3b-thinking-explicitly-off__repeat-2
[judge-sensitivity] -> ok honnoji-decision__chosokabe__hosokawa_fujitaka__varied-b-l1__baseline-a-l3__judge-kimi-k2.7-code-thinking-always-on__repeat-4 99611ms
[judge-sensitivity] judge honnoji-decision__chosokabe__hosokawa_fujitaka__varied-b-l1__baseline-a-l3__judge-qwen3.6-35b-a3b-thinking-explicitly-off__repeat-3
[judge-sensitivity] -> ok honnoji-decision__chosokabe__hosokawa_fujitaka__varied-b-l1__baseline-a-l3__judge-kimi-k2.6-thinking-explicitly-off__repeat-10 26192ms
[judge-sensitivity] judge honnoji-decision__chosokabe__hosokawa_fujitaka__varied-b-l1__baseline-a-l3__judge-qwen3.6-35b-a3b-thinking-explicitly-off__repeat-4
[judge-sensitivity] -> ok honnoji-decision__chosokabe__hosokawa_fujitaka__varied-b-l1__baseline-a-l3__judge-qwen3.6-35b-a3b-thinking-explicitly-off__repeat-1 4241ms
[judge-sensitivity] judge honnoji-decision__chosokabe__hosokawa_fujitaka__varied-b-l1__baseline-a-l3__judge-qwen3.6-35b-a3b-thinking-explicitly-off__repeat-5
[judge-sensitivity] -> ok honnoji-decision__chosokabe__hosokawa_fujitaka__varied-b-l1__baseline-a-l3__judge-qwen3.6-35b-a3b-thinking-explicitly-off__repeat-2 5398ms
[judge-sensitivity] judge honnoji-decision__chosokabe__hosokawa_fujitaka__varied-b-l1__baseline-a-l3__judge-qwen3.6-35b-a3b-thinking-explicitly-off__repeat-6
[judge-sensitivity] -> ok honnoji-decision__chosokabe__hosokawa_fujitaka__varied-b-l1__baseline-a-l3__judge-kimi-k2.7-code-thinking-always-on__repeat-5 93932ms
[judge-sensitivity] judge honnoji-decision__chosokabe__hosokawa_fujitaka__varied-b-l1__baseline-a-l3__judge-qwen3.6-35b-a3b-thinking-explicitly-off__repeat-7
[judge-sensitivity] -> ok honnoji-decision__chosokabe__hosokawa_fujitaka__varied-b-l1__baseline-a-l3__judge-qwen3.6-35b-a3b-thinking-explicitly-off__repeat-5 5520ms
[judge-sensitivity] judge honnoji-decision__chosokabe__hosokawa_fujitaka__varied-b-l1__baseline-a-l3__judge-qwen3.6-35b-a3b-thinking-explicitly-off__repeat-8
[judge-sensitivity] -> ok honnoji-decision__chosokabe__hosokawa_fujitaka__varied-b-l1__baseline-a-l3__judge-qwen3.6-35b-a3b-thinking-explicitly-off__repeat-6 4247ms
[judge-sensitivity] judge honnoji-decision__chosokabe__hosokawa_fujitaka__varied-b-l1__baseline-a-l3__judge-qwen3.6-35b-a3b-thinking-explicitly-off__repeat-9
[judge-sensitivity] -> ok honnoji-decision__chosokabe__hosokawa_fujitaka__varied-b-l1__baseline-a-l3__judge-kimi-k2.7-code-thinking-always-on__repeat-7 90266ms
[judge-sensitivity] judge honnoji-decision__chosokabe__hosokawa_fujitaka__varied-b-l1__baseline-a-l3__judge-qwen3.6-35b-a3b-thinking-explicitly-off__repeat-10
[judge-sensitivity] -> ok honnoji-decision__chosokabe__hosokawa_fujitaka__varied-b-l1__baseline-a-l3__judge-kimi-k2.7-code-thinking-always-on__repeat-10 88857ms
[judge-sensitivity] judge honnoji-decision__chosokabe__hosokawa_fujitaka__varied-b-l1__baseline-a-l3__judge-qwen3.6-27b-thinking-explicitly-on__repeat-1
[judge-sensitivity] -> ok honnoji-decision__chosokabe__hosokawa_fujitaka__varied-b-l1__baseline-a-l3__judge-qwen3.6-35b-a3b-thinking-explicitly-off__repeat-4 12289ms
[judge-sensitivity] judge honnoji-decision__chosokabe__hosokawa_fujitaka__varied-b-l1__baseline-a-l3__judge-qwen3.6-27b-thinking-explicitly-on__repeat-2
[judge-sensitivity] -> ok honnoji-decision__chosokabe__hosokawa_fujitaka__varied-b-l1__baseline-a-l3__judge-qwen3.6-35b-a3b-thinking-explicitly-off__repeat-10 4926ms
[judge-sensitivity] judge honnoji-decision__chosokabe__hosokawa_fujitaka__varied-b-l1__baseline-a-l3__judge-qwen3.6-27b-thinking-explicitly-on__repeat-3
[judge-sensitivity] -> ok honnoji-decision__chosokabe__hosokawa_fujitaka__varied-b-l1__baseline-a-l3__judge-qwen3.6-35b-a3b-thinking-explicitly-off__repeat-7 9715ms
[judge-sensitivity] judge honnoji-decision__chosokabe__hosokawa_fujitaka__varied-b-l1__baseline-a-l3__judge-qwen3.6-27b-thinking-explicitly-on__repeat-4
[judge-sensitivity] -> ok honnoji-decision__chosokabe__hosokawa_fujitaka__varied-b-l1__baseline-a-l3__judge-qwen3.6-35b-a3b-thinking-explicitly-off__repeat-9 5957ms
[judge-sensitivity] judge honnoji-decision__chosokabe__hosokawa_fujitaka__varied-b-l1__baseline-a-l3__judge-qwen3.6-27b-thinking-explicitly-on__repeat-5
[judge-sensitivity] -> ok honnoji-decision__chosokabe__hosokawa_fujitaka__varied-b-l1__baseline-a-l3__judge-qwen3.6-35b-a3b-thinking-explicitly-off__repeat-3 15794ms
[judge-sensitivity] judge honnoji-decision__chosokabe__hosokawa_fujitaka__varied-b-l1__baseline-a-l3__judge-qwen3.6-27b-thinking-explicitly-on__repeat-6
[judge-sensitivity] -> ok honnoji-decision__chosokabe__hosokawa_fujitaka__varied-b-l1__baseline-a-l3__judge-qwen3.6-35b-a3b-thinking-explicitly-off__repeat-8 9225ms
[judge-sensitivity] judge honnoji-decision__chosokabe__hosokawa_fujitaka__varied-b-l1__baseline-a-l3__judge-qwen3.6-27b-thinking-explicitly-on__repeat-7
[judge-sensitivity] -> ok honnoji-decision__chosokabe__hosokawa_fujitaka__varied-b-l1__baseline-a-l3__judge-kimi-k2.6-thinking-explicitly-on__repeat-1 93653ms
[judge-sensitivity] judge honnoji-decision__chosokabe__hosokawa_fujitaka__varied-b-l1__baseline-a-l3__judge-qwen3.6-27b-thinking-explicitly-on__repeat-8
[judge-sensitivity] -> ok honnoji-decision__chosokabe__hosokawa_fujitaka__varied-b-l1__baseline-a-l3__judge-kimi-k2.7-code-thinking-always-on__repeat-8 97873ms
[judge-sensitivity] judge honnoji-decision__chosokabe__hosokawa_fujitaka__varied-b-l1__baseline-a-l3__judge-qwen3.6-27b-thinking-explicitly-on__repeat-9
[judge-sensitivity] -> ok honnoji-decision__chosokabe__hosokawa_fujitaka__varied-b-l1__baseline-a-l3__judge-qwen3.6-35b-a3b-thinking-explicitly-on__repeat-3 32268ms
[judge-sensitivity] judge honnoji-decision__chosokabe__hosokawa_fujitaka__varied-b-l1__baseline-a-l3__judge-qwen3.6-27b-thinking-explicitly-on__repeat-10
[judge-sensitivity] -> ok honnoji-decision__chosokabe__hosokawa_fujitaka__varied-b-l1__baseline-a-l3__judge-qwen3.6-35b-a3b-thinking-explicitly-on__repeat-2 32632ms
[judge-sensitivity] judge honnoji-decision__chosokabe__hosokawa_fujitaka__varied-b-l1__baseline-a-l3__judge-qwen3.6-27b-thinking-explicitly-off__repeat-1
[judge-sensitivity] -> ok honnoji-decision__chosokabe__hosokawa_fujitaka__varied-b-l1__baseline-a-l3__judge-kimi-k2.6-thinking-explicitly-on__repeat-5 84340ms
[judge-sensitivity] judge honnoji-decision__chosokabe__hosokawa_fujitaka__varied-b-l1__baseline-a-l3__judge-qwen3.6-27b-thinking-explicitly-off__repeat-2
[judge-sensitivity] -> ok honnoji-decision__chosokabe__hosokawa_fujitaka__varied-b-l1__baseline-a-l3__judge-qwen3.6-35b-a3b-thinking-explicitly-on__repeat-6 32728ms
[judge-sensitivity] judge honnoji-decision__chosokabe__hosokawa_fujitaka__varied-b-l1__baseline-a-l3__judge-qwen3.6-27b-thinking-explicitly-off__repeat-3
[judge-sensitivity] -> ok honnoji-decision__chosokabe__hosokawa_fujitaka__varied-b-l1__baseline-a-l3__judge-qwen3.6-35b-a3b-thinking-explicitly-on__repeat-5 34385ms
[judge-sensitivity] judge honnoji-decision__chosokabe__hosokawa_fujitaka__varied-b-l1__baseline-a-l3__judge-qwen3.6-27b-thinking-explicitly-off__repeat-4
[judge-sensitivity] -> ok honnoji-decision__chosokabe__hosokawa_fujitaka__varied-a-l4__baseline-b-l3__judge-minimax-m2.5-thinking-explicitly-on__repeat-7 268189ms
[judge-sensitivity] judge honnoji-decision__chosokabe__hosokawa_fujitaka__varied-b-l1__baseline-a-l3__judge-qwen3.6-27b-thinking-explicitly-off__repeat-5
[judge-sensitivity] -> ok honnoji-decision__chosokabe__hosokawa_fujitaka__varied-b-l1__baseline-a-l3__judge-kimi-k2.6-thinking-explicitly-on__repeat-8 85380ms
[judge-sensitivity] judge honnoji-decision__chosokabe__hosokawa_fujitaka__varied-b-l1__baseline-a-l3__judge-qwen3.6-27b-thinking-explicitly-off__repeat-6
[judge-sensitivity] -> ok honnoji-decision__chosokabe__hosokawa_fujitaka__varied-b-l1__baseline-a-l3__judge-kimi-k2.6-thinking-explicitly-on__repeat-7 86964ms
[judge-sensitivity] judge honnoji-decision__chosokabe__hosokawa_fujitaka__varied-b-l1__baseline-a-l3__judge-qwen3.6-27b-thinking-explicitly-off__repeat-7
[judge-sensitivity] -> ok honnoji-decision__chosokabe__hosokawa_fujitaka__varied-b-l1__baseline-a-l3__judge-qwen3.6-27b-thinking-explicitly-off__repeat-5 12348ms
[judge-sensitivity] judge honnoji-decision__chosokabe__hosokawa_fujitaka__varied-b-l1__baseline-a-l3__judge-qwen3.6-27b-thinking-explicitly-off__repeat-8
[judge-sensitivity] -> ok honnoji-decision__chosokabe__hosokawa_fujitaka__varied-b-l1__baseline-a-l3__judge-qwen3.6-27b-thinking-explicitly-off__repeat-4 15070ms
[judge-sensitivity] judge honnoji-decision__chosokabe__hosokawa_fujitaka__varied-b-l1__baseline-a-l3__judge-qwen3.6-27b-thinking-explicitly-off__repeat-9
[judge-sensitivity] -> ok honnoji-decision__chosokabe__hosokawa_fujitaka__varied-b-l1__baseline-a-l3__judge-qwen3.6-27b-thinking-explicitly-off__repeat-3 19847ms
[judge-sensitivity] judge honnoji-decision__chosokabe__hosokawa_fujitaka__varied-b-l1__baseline-a-l3__judge-qwen3.6-27b-thinking-explicitly-off__repeat-10
[judge-sensitivity] -> ok honnoji-decision__chosokabe__hosokawa_fujitaka__varied-b-l1__baseline-a-l3__judge-qwen3.6-35b-a3b-thinking-explicitly-on__repeat-8 56382ms
[judge-sensitivity] judge honnoji-decision__chosokabe__hosokawa_fujitaka__varied-b-l1__baseline-a-l3__judge-qwen3.5-397b-thinking-explicitly-on__repeat-1
[judge-sensitivity] -> ok honnoji-decision__chosokabe__hosokawa_fujitaka__varied-b-l1__baseline-a-l3__judge-qwen3.6-27b-thinking-explicitly-off__repeat-6 18407ms
[judge-sensitivity] judge honnoji-decision__chosokabe__hosokawa_fujitaka__varied-b-l1__baseline-a-l3__judge-qwen3.5-397b-thinking-explicitly-on__repeat-2
[judge-sensitivity] -> ok honnoji-decision__chosokabe__hosokawa_fujitaka__varied-b-l1__baseline-a-l3__judge-kimi-k2.6-thinking-explicitly-on__repeat-3 124869ms
[judge-sensitivity] judge honnoji-decision__chosokabe__hosokawa_fujitaka__varied-b-l1__baseline-a-l3__judge-qwen3.5-397b-thinking-explicitly-on__repeat-3
[judge-sensitivity] -> ok honnoji-decision__chosokabe__hosokawa_fujitaka__varied-b-l1__baseline-a-l3__judge-kimi-k2.6-thinking-explicitly-on__repeat-9 91296ms
[judge-sensitivity] judge honnoji-decision__chosokabe__hosokawa_fujitaka__varied-b-l1__baseline-a-l3__judge-qwen3.5-397b-thinking-explicitly-on__repeat-4
[judge-sensitivity] -> ok honnoji-decision__chosokabe__hosokawa_fujitaka__varied-b-l1__baseline-a-l3__judge-qwen3.6-27b-thinking-explicitly-off__repeat-8 14503ms
[judge-sensitivity] judge honnoji-decision__chosokabe__hosokawa_fujitaka__varied-b-l1__baseline-a-l3__judge-qwen3.5-397b-thinking-explicitly-on__repeat-5
[judge-sensitivity] -> ok honnoji-decision__chosokabe__hosokawa_fujitaka__varied-b-l1__baseline-a-l3__judge-qwen3.6-27b-thinking-explicitly-off__repeat-7 20131ms
[judge-sensitivity] judge honnoji-decision__chosokabe__hosokawa_fujitaka__varied-b-l1__baseline-a-l3__judge-qwen3.5-397b-thinking-explicitly-on__repeat-6
[judge-sensitivity] -> ok honnoji-decision__chosokabe__hosokawa_fujitaka__varied-b-l1__baseline-a-l3__judge-qwen3.6-27b-thinking-explicitly-off__repeat-10 11280ms
[judge-sensitivity] judge honnoji-decision__chosokabe__hosokawa_fujitaka__varied-b-l1__baseline-a-l3__judge-qwen3.5-397b-thinking-explicitly-on__repeat-7
[judge-sensitivity] -> ok honnoji-decision__chosokabe__hosokawa_fujitaka__varied-b-l1__baseline-a-l3__judge-qwen3.6-27b-thinking-explicitly-off__repeat-2 34016ms
[judge-sensitivity] judge honnoji-decision__chosokabe__hosokawa_fujitaka__varied-b-l1__baseline-a-l3__judge-qwen3.5-397b-thinking-explicitly-on__repeat-8
[judge-sensitivity] -> ok honnoji-decision__chosokabe__hosokawa_fujitaka__varied-b-l1__baseline-a-l3__judge-qwen3.6-27b-thinking-explicitly-off__repeat-1 35668ms
[judge-sensitivity] judge honnoji-decision__chosokabe__hosokawa_fujitaka__varied-b-l1__baseline-a-l3__judge-qwen3.5-397b-thinking-explicitly-on__repeat-9
[judge-sensitivity] -> ok honnoji-decision__chosokabe__hosokawa_fujitaka__varied-b-l1__baseline-a-l3__judge-qwen3.6-27b-thinking-explicitly-off__repeat-9 15601ms
[judge-sensitivity] judge honnoji-decision__chosokabe__hosokawa_fujitaka__varied-b-l1__baseline-a-l3__judge-qwen3.5-397b-thinking-explicitly-on__repeat-10
[judge-sensitivity] -> ok honnoji-decision__chosokabe__hosokawa_fujitaka__varied-b-l1__baseline-a-l3__judge-kimi-k2.6-thinking-explicitly-on__repeat-10 92653ms
[judge-sensitivity] judge honnoji-decision__chosokabe__hosokawa_fujitaka__varied-b-l1__baseline-a-l3__judge-qwen3.5-397b-thinking-explicitly-off__repeat-1
[judge-sensitivity] -> ok honnoji-decision__chosokabe__hosokawa_fujitaka__varied-b-l1__baseline-a-l3__judge-qwen3.6-35b-a3b-thinking-explicitly-on__repeat-7 70253ms
[judge-sensitivity] judge honnoji-decision__chosokabe__hosokawa_fujitaka__varied-b-l1__baseline-a-l3__judge-qwen3.5-397b-thinking-explicitly-off__repeat-2
[judge-sensitivity] -> ok honnoji-decision__chosokabe__hosokawa_fujitaka__varied-b-l1__baseline-a-l3__judge-qwen3.6-35b-a3b-thinking-explicitly-on__repeat-1 82356ms
[judge-sensitivity] judge honnoji-decision__chosokabe__hosokawa_fujitaka__varied-b-l1__baseline-a-l3__judge-qwen3.5-397b-thinking-explicitly-off__repeat-3
[judge-sensitivity] -> ok honnoji-decision__chosokabe__hosokawa_fujitaka__varied-b-l1__baseline-a-l3__judge-qwen3.5-397b-thinking-explicitly-off__repeat-1 5450ms
[judge-sensitivity] judge honnoji-decision__chosokabe__hosokawa_fujitaka__varied-b-l1__baseline-a-l3__judge-qwen3.5-397b-thinking-explicitly-off__repeat-4
[judge-sensitivity] -> ok honnoji-decision__chosokabe__hosokawa_fujitaka__varied-b-l1__baseline-a-l3__judge-qwen3.5-397b-thinking-explicitly-off__repeat-2 6459ms
[judge-sensitivity] judge honnoji-decision__chosokabe__hosokawa_fujitaka__varied-b-l1__baseline-a-l3__judge-qwen3.5-397b-thinking-explicitly-off__repeat-5
[judge-sensitivity] -> ok honnoji-decision__chosokabe__hosokawa_fujitaka__varied-b-l1__baseline-a-l3__judge-qwen3.6-35b-a3b-thinking-explicitly-on__repeat-10 77019ms
[judge-sensitivity] judge honnoji-decision__chosokabe__hosokawa_fujitaka__varied-b-l1__baseline-a-l3__judge-qwen3.5-397b-thinking-explicitly-off__repeat-6
[judge-sensitivity] -> ok honnoji-decision__chosokabe__hosokawa_fujitaka__varied-b-l1__baseline-a-l3__judge-qwen3.5-397b-thinking-explicitly-off__repeat-3 5510ms
[judge-sensitivity] judge honnoji-decision__chosokabe__hosokawa_fujitaka__varied-b-l1__baseline-a-l3__judge-qwen3.5-397b-thinking-explicitly-off__repeat-7
[judge-sensitivity] -> ok honnoji-decision__chosokabe__hosokawa_fujitaka__varied-b-l1__baseline-a-l3__judge-qwen3.6-35b-a3b-thinking-explicitly-on__repeat-9 79689ms
[judge-sensitivity] judge honnoji-decision__chosokabe__hosokawa_fujitaka__varied-b-l1__baseline-a-l3__judge-qwen3.5-397b-thinking-explicitly-off__repeat-8
[judge-sensitivity] -> ok honnoji-decision__chosokabe__hosokawa_fujitaka__varied-b-l1__baseline-a-l3__judge-kimi-k2.6-thinking-explicitly-on__repeat-4 145491ms
[judge-sensitivity] judge honnoji-decision__chosokabe__hosokawa_fujitaka__varied-b-l1__baseline-a-l3__judge-qwen3.5-397b-thinking-explicitly-off__repeat-9
[judge-sensitivity] -> ok honnoji-decision__chosokabe__hosokawa_fujitaka__varied-b-l1__baseline-a-l3__judge-qwen3.5-397b-thinking-explicitly-off__repeat-4 6723ms
[judge-sensitivity] judge honnoji-decision__chosokabe__hosokawa_fujitaka__varied-b-l1__baseline-a-l3__judge-qwen3.5-397b-thinking-explicitly-off__repeat-10
[judge-sensitivity] -> ok honnoji-decision__chosokabe__hosokawa_fujitaka__varied-b-l1__baseline-a-l3__judge-qwen3.5-397b-thinking-explicitly-off__repeat-6 4784ms
[judge-sensitivity] judge honnoji-decision__chosokabe__hosokawa_fujitaka__varied-b-l1__baseline-a-l3__judge-glm-5.2-thinking-explicitly-on__repeat-1
[judge-sensitivity] -> ok honnoji-decision__chosokabe__hosokawa_fujitaka__varied-b-l1__baseline-a-l3__judge-qwen3.5-397b-thinking-explicitly-off__repeat-5 6243ms
[judge-sensitivity] judge honnoji-decision__chosokabe__hosokawa_fujitaka__varied-b-l1__baseline-a-l3__judge-glm-5.2-thinking-explicitly-on__repeat-2
[judge-sensitivity] -> ok honnoji-decision__chosokabe__hosokawa_fujitaka__varied-b-l1__baseline-a-l3__judge-kimi-k2.6-thinking-explicitly-on__repeat-2 149711ms
[judge-sensitivity] judge honnoji-decision__chosokabe__hosokawa_fujitaka__varied-b-l1__baseline-a-l3__judge-glm-5.2-thinking-explicitly-on__repeat-3
[judge-sensitivity] -> ok honnoji-decision__chosokabe__hosokawa_fujitaka__varied-b-l1__baseline-a-l3__judge-qwen3.5-397b-thinking-explicitly-off__repeat-7 7005ms
[judge-sensitivity] judge honnoji-decision__chosokabe__hosokawa_fujitaka__varied-b-l1__baseline-a-l3__judge-glm-5.2-thinking-explicitly-on__repeat-4
[judge-sensitivity] -> ok honnoji-decision__chosokabe__hosokawa_fujitaka__varied-b-l1__baseline-a-l3__judge-qwen3.5-397b-thinking-explicitly-off__repeat-10 4932ms
[judge-sensitivity] judge honnoji-decision__chosokabe__hosokawa_fujitaka__varied-b-l1__baseline-a-l3__judge-glm-5.2-thinking-explicitly-on__repeat-5
[judge-sensitivity] -> ok honnoji-decision__chosokabe__hosokawa_fujitaka__varied-b-l1__baseline-a-l3__judge-qwen3.5-397b-thinking-explicitly-off__repeat-8 6293ms
[judge-sensitivity] judge honnoji-decision__chosokabe__hosokawa_fujitaka__varied-b-l1__baseline-a-l3__judge-glm-5.2-thinking-explicitly-on__repeat-6
[judge-sensitivity] -> ok honnoji-decision__chosokabe__hosokawa_fujitaka__varied-b-l1__baseline-a-l3__judge-qwen3.5-397b-thinking-explicitly-off__repeat-9 6407ms
[judge-sensitivity] judge honnoji-decision__chosokabe__hosokawa_fujitaka__varied-b-l1__baseline-a-l3__judge-glm-5.2-thinking-explicitly-on__repeat-7
[judge-sensitivity] -> ok honnoji-decision__chosokabe__hosokawa_fujitaka__varied-b-l1__baseline-a-l3__judge-qwen3.6-35b-a3b-thinking-explicitly-on__repeat-4 93218ms
[judge-sensitivity] judge honnoji-decision__chosokabe__hosokawa_fujitaka__varied-b-l1__baseline-a-l3__judge-glm-5.2-thinking-explicitly-on__repeat-8
[judge-sensitivity] -> ok honnoji-decision__chosokabe__hosokawa_fujitaka__varied-b-l1__baseline-a-l3__judge-kimi-k2.6-thinking-explicitly-on__repeat-6 135310ms
[judge-sensitivity] judge honnoji-decision__chosokabe__hosokawa_fujitaka__varied-b-l1__baseline-a-l3__judge-glm-5.2-thinking-explicitly-on__repeat-9
[judge-sensitivity] -> ok honnoji-decision__chosokabe__hosokawa_fujitaka__varied-b-l1__baseline-a-l3__judge-qwen3.5-397b-thinking-explicitly-on__repeat-4 31229ms
[judge-sensitivity] judge honnoji-decision__chosokabe__hosokawa_fujitaka__varied-b-l1__baseline-a-l3__judge-glm-5.2-thinking-explicitly-on__repeat-10
[judge-sensitivity] -> ok honnoji-decision__chosokabe__hosokawa_fujitaka__varied-b-l1__baseline-a-l3__judge-qwen3.5-397b-thinking-explicitly-on__repeat-2 33971ms
[judge-sensitivity] judge honnoji-decision__chosokabe__hosokawa_fujitaka__varied-b-l1__baseline-a-l3__judge-glm-5.2-thinking-explicitly-off__repeat-1
[judge-sensitivity] -> ok honnoji-decision__chosokabe__hosokawa_fujitaka__varied-b-l1__baseline-a-l3__judge-qwen3.6-27b-thinking-explicitly-on__repeat-3 74325ms
[judge-sensitivity] judge honnoji-decision__chosokabe__hosokawa_fujitaka__varied-b-l1__baseline-a-l3__judge-glm-5.2-thinking-explicitly-off__repeat-2
[judge-sensitivity] -> ok honnoji-decision__chosokabe__hosokawa_fujitaka__varied-b-l1__baseline-a-l3__judge-qwen3.5-397b-thinking-explicitly-on__repeat-5 34628ms
[judge-sensitivity] judge honnoji-decision__chosokabe__hosokawa_fujitaka__varied-b-l1__baseline-a-l3__judge-glm-5.2-thinking-explicitly-off__repeat-3
[judge-sensitivity] -> ok honnoji-decision__chosokabe__hosokawa_fujitaka__varied-b-l1__baseline-a-l3__judge-qwen3.6-27b-thinking-explicitly-on__repeat-7 74859ms
[judge-sensitivity] judge honnoji-decision__chosokabe__hosokawa_fujitaka__varied-b-l1__baseline-a-l3__judge-glm-5.2-thinking-explicitly-off__repeat-4
[judge-sensitivity] -> ok honnoji-decision__chosokabe__hosokawa_fujitaka__varied-b-l1__baseline-a-l3__judge-qwen3.5-397b-thinking-explicitly-on__repeat-9 34563ms
[judge-sensitivity] judge honnoji-decision__chosokabe__hosokawa_fujitaka__varied-b-l1__baseline-a-l3__judge-glm-5.2-thinking-explicitly-off__repeat-5
[judge-sensitivity] -> ok honnoji-decision__chosokabe__hosokawa_fujitaka__varied-b-l1__baseline-a-l3__judge-qwen3.5-397b-thinking-explicitly-on__repeat-1 41756ms
[judge-sensitivity] judge honnoji-decision__chosokabe__hosokawa_fujitaka__varied-b-l1__baseline-a-l3__judge-glm-5.2-thinking-explicitly-off__repeat-6
[judge-sensitivity] -> ok honnoji-decision__chosokabe__hosokawa_fujitaka__varied-b-l1__baseline-a-l3__judge-qwen3.5-397b-thinking-explicitly-on__repeat-3 39903ms
[judge-sensitivity] judge honnoji-decision__chosokabe__hosokawa_fujitaka__varied-b-l1__baseline-a-l3__judge-glm-5.2-thinking-explicitly-off__repeat-7
[judge-sensitivity] -> ok honnoji-decision__chosokabe__hosokawa_fujitaka__varied-b-l1__baseline-a-l3__judge-qwen3.5-397b-thinking-explicitly-on__repeat-7 39904ms
[judge-sensitivity] judge honnoji-decision__chosokabe__hosokawa_fujitaka__varied-b-l1__baseline-a-l3__judge-glm-5.2-thinking-explicitly-off__repeat-8
[judge-sensitivity] -> ok honnoji-decision__chosokabe__hosokawa_fujitaka__varied-b-l1__baseline-a-l3__judge-qwen3.5-397b-thinking-explicitly-on__repeat-8 41678ms
[judge-sensitivity] judge honnoji-decision__chosokabe__hosokawa_fujitaka__varied-b-l1__baseline-a-l3__judge-glm-5.2-thinking-explicitly-off__repeat-9
[judge-sensitivity] -> ok honnoji-decision__chosokabe__hosokawa_fujitaka__varied-b-l1__baseline-a-l3__judge-qwen3.5-397b-thinking-explicitly-on__repeat-6 43141ms
[judge-sensitivity] judge honnoji-decision__chosokabe__hosokawa_fujitaka__varied-b-l1__baseline-a-l3__judge-glm-5.2-thinking-explicitly-off__repeat-10
[judge-sensitivity] -> ok honnoji-decision__chosokabe__hosokawa_fujitaka__varied-a-l4__baseline-b-l3__judge-minimax-m2.5-thinking-explicitly-on__repeat-9 337252ms
[judge-sensitivity] judge honnoji-decision__chosokabe__hosokawa_fujitaka__varied-b-l1__baseline-a-l3__judge-glm-5.1-thinking-explicitly-on__repeat-1
[judge-sensitivity] -> ok honnoji-decision__chosokabe__hosokawa_fujitaka__varied-b-l1__baseline-a-l3__judge-glm-5.2-thinking-explicitly-off__repeat-1 12808ms
[judge-sensitivity] judge honnoji-decision__chosokabe__hosokawa_fujitaka__varied-b-l1__baseline-a-l3__judge-glm-5.1-thinking-explicitly-on__repeat-2
[judge-sensitivity] -> ok honnoji-decision__chosokabe__hosokawa_fujitaka__varied-b-l1__baseline-a-l3__judge-qwen3.6-27b-thinking-explicitly-on__repeat-1 88000ms
[judge-sensitivity] judge honnoji-decision__chosokabe__hosokawa_fujitaka__varied-b-l1__baseline-a-l3__judge-glm-5.1-thinking-explicitly-on__repeat-3
[judge-sensitivity] -> ok honnoji-decision__chosokabe__hosokawa_fujitaka__varied-b-l1__baseline-a-l3__judge-qwen3.5-397b-thinking-explicitly-on__repeat-10 44801ms
[judge-sensitivity] judge honnoji-decision__chosokabe__hosokawa_fujitaka__varied-b-l1__baseline-a-l3__judge-glm-5.1-thinking-explicitly-on__repeat-4
[judge-sensitivity] -> ok honnoji-decision__chosokabe__hosokawa_fujitaka__varied-b-l1__baseline-a-l3__judge-glm-5.2-thinking-explicitly-off__repeat-2 15151ms
[judge-sensitivity] judge honnoji-decision__chosokabe__hosokawa_fujitaka__varied-b-l1__baseline-a-l3__judge-glm-5.1-thinking-explicitly-on__repeat-5
[judge-sensitivity] -> ok honnoji-decision__chosokabe__hosokawa_fujitaka__varied-b-l1__baseline-a-l3__judge-glm-5.2-thinking-explicitly-off__repeat-6 14444ms
[judge-sensitivity] judge honnoji-decision__chosokabe__hosokawa_fujitaka__varied-b-l1__baseline-a-l3__judge-glm-5.1-thinking-explicitly-on__repeat-6
[judge-sensitivity] -> ok honnoji-decision__chosokabe__hosokawa_fujitaka__varied-b-l1__baseline-a-l3__judge-glm-5.2-thinking-explicitly-off__repeat-4 16728ms
[judge-sensitivity] judge honnoji-decision__chosokabe__hosokawa_fujitaka__varied-b-l1__baseline-a-l3__judge-glm-5.1-thinking-explicitly-on__repeat-7
[judge-sensitivity] -> ok honnoji-decision__chosokabe__hosokawa_fujitaka__varied-b-l1__baseline-a-l3__judge-glm-5.2-thinking-explicitly-off__repeat-7 15328ms
[judge-sensitivity] judge honnoji-decision__chosokabe__hosokawa_fujitaka__varied-b-l1__baseline-a-l3__judge-glm-5.1-thinking-explicitly-on__repeat-8
[judge-sensitivity] -> ok honnoji-decision__chosokabe__hosokawa_fujitaka__varied-b-l1__baseline-a-l3__judge-glm-5.2-thinking-explicitly-off__repeat-8 13390ms
[judge-sensitivity] judge honnoji-decision__chosokabe__hosokawa_fujitaka__varied-b-l1__baseline-a-l3__judge-glm-5.1-thinking-explicitly-on__repeat-9
[judge-sensitivity] -> ok honnoji-decision__chosokabe__hosokawa_fujitaka__varied-b-l1__baseline-a-l3__judge-qwen3.6-27b-thinking-explicitly-on__repeat-6 95033ms
[judge-sensitivity] judge honnoji-decision__chosokabe__hosokawa_fujitaka__varied-b-l1__baseline-a-l3__judge-glm-5.1-thinking-explicitly-on__repeat-10
